estado;casos
Acre;1625
Acre;1708
Acre;2813
Acre;1130
Acre;646
Acre;7562
Acre;1411
Acre;3134
Acre;681
Acre;2512
Acre;902
Acre;1241
Acre;1713
Acre;1463
Acre;540
Acre;37194
Acre;839
Acre;957
Acre;5749
Acre;1158
Acre;6379
Acre;2980
Acre;395
Alagoas;1313
Alagoas;26294
Alagoas;1129
Alagoas;417
Alagoas;498
Alagoas;1051
Alagoas;110
Alagoas;336
Alagoas;1750
Alagoas;501
Alagoas;677
Alagoas;549
Alagoas;247
Alagoas;2602
Alagoas;468
Alagoas;332
Alagoas;911
Alagoas;217
Alagoas;310
Alagoas;414
Alagoas;338
Alagoas;437
Alagoas;3815
Alagoas;1143
Alagoas;3344
Alagoas;561
Alagoas;384
Alagoas;719
Alagoas;129
Alagoas;636
Alagoas;1724
Alagoas;571
Alagoas;970
Alagoas;1038
Alagoas;367
Alagoas;265
Alagoas;166
Alagoas;407
Alagoas;100
Alagoas;560
Alagoas;713
Alagoas;147
Alagoas;1012
Alagoas;968
Alagoas;1070
Alagoas;78827
Alagoas;720
Alagoas;128
Alagoas;1511
Alagoas;315
Alagoas;5903
Alagoas;451
Alagoas;426
Alagoas;1406
Alagoas;1068
Alagoas;142
Alagoas;217
Alagoas;992
Alagoas;188
Alagoas;1423
Alagoas;105
Alagoas;180
Alagoas;438
Alagoas;361
Alagoas;417
Alagoas;4301
Alagoas;1111
Alagoas;558
Alagoas;344
Alagoas;723
Alagoas;289
Alagoas;3819
Alagoas;769
Alagoas;3117
Alagoas;100
Alagoas;898
Alagoas;421
Alagoas;1161
Alagoas;356
Alagoas;571
Alagoas;858
Alagoas;3272
Alagoas;343
Alagoas;449
Alagoas;4304
Alagoas;735
Alagoas;342
Alagoas;1086
Alagoas;1201
Alagoas;1187
Alagoas;3405
Alagoas;255
Alagoas;1619
Alagoas;1017
Alagoas;304
Alagoas;364
Alagoas;589
Alagoas;1889
Alagoas;473
Alagoas;2076
Alagoas;1597
Amazonas;2827
Amazonas;2352
Amazonas;1761
Amazonas;1877
Amazonas;1340
Amazonas;2769
Amazonas;2856
Amazonas;4257
Amazonas;2375
Amazonas;2691
Amazonas;2208
Amazonas;927
Amazonas;2582
Amazonas;2135
Amazonas;631
Amazonas;1325
Amazonas;6624
Amazonas;4270
Amazonas;989
Amazonas;9331
Amazonas;2407
Amazonas;4172
Amazonas;2604
Amazonas;1598
Amazonas;1676
Amazonas;7802
Amazonas;5016
Amazonas;8668
Amazonas;8950
Amazonas;959
Amazonas;3046
Amazonas;880
Amazonas;964
Amazonas;2357
Amazonas;6853
Amazonas;9083
Amazonas;1467
Amazonas;180288
Amazonas;4602
Amazonas;2238
Amazonas;4761
Amazonas;1849
Amazonas;2624
Amazonas;2295
Amazonas;1954
Amazonas;9900
Amazonas;2757
Amazonas;6020
Amazonas;4422
Amazonas;2741
Amazonas;1839
Amazonas;8091
Amazonas;5241
Amazonas;1499
Amazonas;1367
Amazonas;3293
Amazonas;1801
Amazonas;9494
Amazonas;1311
Amazonas;1916
Amazonas;2405
Amazonas;2521
Amapá;1289
Amapá;1618
Amapá;867
Amapá;1429
Amapá;499
Amapá;8333
Amapá;54585
Amapá;2930
Amapá;5079
Amapá;3248
Amapá;1798
Amapá;381
Amapá;24513
Amapá;1156
Amapá;1914
Amapá;3910
Bahia;276
Bahia;919
Bahia;500
Bahia;869
Bahia;168
Bahia;464
Bahia;12477
Bahia;1432
Bahia;600
Bahia;2572
Bahia;2131
Bahia;851
Bahia;852
Bahia;791
Bahia;790
Bahia;602
Bahia;418
Bahia;1224
Bahia;439
Bahia;818
Bahia;491
Bahia;666
Bahia;609
Bahia;796
Bahia;3397
Bahia;572
Bahia;715
Bahia;367
Bahia;928
Bahia;798
Bahia;698
Bahia;1037
Bahia;2043
Bahia;2172
Bahia;1985
Bahia;690
Bahia;414
Bahia;17372
Bahia;843
Bahia;578
Bahia;734
Bahia;1024
Bahia;796
Bahia;464
Bahia;849
Bahia;250
Bahia;4986
Bahia;423
Bahia;588
Bahia;838
Bahia;590
Bahia;196
Bahia;680
Bahia;143
Bahia;127
Bahia;8805
Bahia;1297
Bahia;836
Bahia;831
Bahia;539
Bahia;1505
Bahia;1589
Bahia;449
Bahia;640
Bahia;2386
Bahia;855
Bahia;1226
Bahia;560
Bahia;2815
Bahia;22649
Bahia;2216
Bahia;735
Bahia;4731
Bahia;348
Bahia;1446
Bahia;1202
Bahia;519
Bahia;7217
Bahia;598
Bahia;1749
Bahia;878
Bahia;571
Bahia;776
Bahia;3456
Bahia;284
Bahia;1319
Bahia;296
Bahia;1008
Bahia;2342
Bahia;1998
Bahia;230
Bahia;5689
Bahia;215
Bahia;424
Bahia;223
Bahia;1847
Bahia;769
Bahia;1781
Bahia;813
Bahia;1549
Bahia;2251
Bahia;7619
Bahia;2878
Bahia;909
Bahia;1165
Bahia;252
Bahia;1579
Bahia;661
Bahia;945
Bahia;1239
Bahia;2328
Bahia;540
Bahia;400
Bahia;368
Bahia;851
Bahia;4587
Bahia;1055
Bahia;843
Bahia;5372
Bahia;921
Bahia;362
Bahia;471
Bahia;629
Bahia;1563
Bahia;276
Bahia;1836
Bahia;3023
Bahia;10668
Bahia;939
Bahia;236
Bahia;46619
Bahia;1024
Bahia;356
Bahia;767
Bahia;1111
Bahia;2594
Bahia;314
Bahia;385
Bahia;887
Bahia;690
Bahia;901
Bahia;328
Bahia;8814
Bahia;1369
Bahia;832
Bahia;1719
Bahia;470
Bahia;1991
Bahia;782
Bahia;1053
Bahia;985
Bahia;956
Bahia;121
Bahia;1626
Bahia;1002
Bahia;2164
Bahia;655
Bahia;1422
Bahia;1086
Bahia;402
Bahia;467
Bahia;723
Bahia;1011
Bahia;20278
Bahia;2121
Bahia;375
Bahia;3136
Bahia;2385
Bahia;251
Bahia;309
Bahia;227
Bahia;1590
Bahia;1400
Bahia;9249
Bahia;1531
Bahia;6424
Bahia;31699
Bahia;1174
Bahia;312
Bahia;780
Bahia;1132
Bahia;648
Bahia;568
Bahia;383
Bahia;2481
Bahia;6881
Bahia;454
Bahia;1687
Bahia;246
Bahia;1265
Bahia;1185
Bahia;740
Bahia;513
Bahia;5018
Bahia;1446
Bahia;902
Bahia;637
Bahia;684
Bahia;705
Bahia;890
Bahia;1492
Bahia;3075
Bahia;1523
Bahia;1609
Bahia;550
Bahia;579
Bahia;546
Bahia;6121
Bahia;5907
Bahia;1999
Bahia;1011
Bahia;574
Bahia;16121
Bahia;1810
Bahia;837
Bahia;795
Bahia;1615
Bahia;15618
Bahia;866
Bahia;609
Bahia;645
Bahia;292
Bahia;397
Bahia;585
Bahia;1643
Bahia;439
Bahia;289
Bahia;632
Bahia;254
Bahia;2034
Bahia;21032
Bahia;949
Bahia;282
Bahia;2527
Bahia;9397
Bahia;431
Bahia;873
Bahia;2094
Bahia;256
Bahia;2541
Bahia;255
Bahia;759
Bahia;1155
Bahia;372
Bahia;248
Bahia;1097
Bahia;162
Bahia;3169
Bahia;1914
Bahia;1547
Bahia;442
Bahia;791
Bahia;4024
Bahia;353
Bahia;2517
Bahia;2239
Bahia;472
Bahia;488
Bahia;446
Bahia;1133
Bahia;286
Bahia;2297
Bahia;608
Bahia;495
Bahia;3257
Bahia;599
Bahia;795
Bahia;863
Bahia;579
Bahia;2116
Bahia;1823
Bahia;2436
Bahia;585
Bahia;606
Bahia;597
Bahia;456
Bahia;587
Bahia;733
Bahia;195
Bahia;666
Bahia;2312
Bahia;284
Bahia;529
Bahia;1310
Bahia;657
Bahia;435
Bahia;1639
Bahia;639
Bahia;227
Bahia;499
Bahia;1117
Bahia;971
Bahia;875
Bahia;7596
Bahia;1392
Bahia;289
Bahia;490
Bahia;1285
Bahia;626
Bahia;750
Bahia;1538
Bahia;941
Bahia;764
Bahia;962
Bahia;671
Bahia;583
Bahia;1485
Bahia;3128
Bahia;3241
Bahia;621
Bahia;9342
Bahia;467
Bahia;1707
Bahia;1294
Bahia;651
Bahia;1584
Bahia;1376
Bahia;376
Bahia;792
Bahia;977
Bahia;1669
Bahia;1440
Bahia;1147
Bahia;3611
Bahia;1545
Bahia;887
Bahia;4734
Bahia;382
Bahia;532
Bahia;729
Bahia;163
Bahia;2394
Bahia;236
Bahia;2189
Bahia;1383
Bahia;217849
Bahia;1081
Bahia;868
Bahia;2289
Bahia;525
Bahia;601
Bahia;1026
Bahia;2029
Bahia;2227
Bahia;543
Bahia;2520
Bahia;346
Bahia;582
Bahia;2742
Bahia;11682
Bahia;3467
Bahia;2424
Bahia;932
Bahia;2522
Bahia;904
Bahia;787
Bahia;3344
Bahia;1616
Bahia;2205
Bahia;696
Bahia;418
Bahia;709
Bahia;3259
Bahia;1454
Bahia;638
Bahia;497
Bahia;488
Bahia;5274
Bahia;346
Bahia;4412
Bahia;917
Bahia;579
Bahia;470
Bahia;810
Bahia;6796
Bahia;1026
Bahia;8238
Bahia;192
Bahia;558
Bahia;1470
Bahia;966
Bahia;261
Bahia;1275
Bahia;746
Bahia;734
Bahia;1125
Bahia;573
Bahia;15991
Bahia;259
Bahia;911
Bahia;946
Bahia;811
Bahia;595
Bahia;2872
Bahia;2405
Bahia;1019
Bahia;1082
Bahia;1808
Bahia;895
Bahia;727
Bahia;1116
Bahia;822
Bahia;1890
Bahia;1465
Bahia;6704
Bahia;2419
Bahia;1014
Bahia;476
Bahia;666
Bahia;572
Bahia;1485
Bahia;426
Bahia;31424
Bahia;814
Bahia;797
Bahia;1605
Bahia;2717
Ceará;574
Ceará;2736
Ceará;4831
Ceará;3480
Ceará;699
Ceará;1638
Ceará;537
Ceará;1719
Ceará;2785
Ceará;680
Ceará;1140
Ceará;6307
Ceará;7276
Ceará;3910
Ceará;1196
Ceará;1252
Ceará;1278
Ceará;611
Ceará;1987
Ceará;1587
Ceará;498
Ceará;1899
Ceará;6125
Ceará;1434
Ceará;1654
Ceará;1173
Ceará;3896
Ceará;4663
Ceará;3315
Ceará;3807
Ceará;8082
Ceará;5969
Ceará;2265
Ceará;5180
Ceará;2195
Ceará;1588
Ceará;2344
Ceará;1327
Ceará;2162
Ceará;1680
Ceará;5798
Ceará;741
Ceará;1165
Ceará;21025
Ceará;3391
Ceará;1431
Ceará;1023
Ceará;1851
Ceará;2508
Ceará;12032
Ceará;15768
Ceará;972
Ceará;3475
Ceará;743
Ceará;802
Ceará;9204
Ceará;2510
Ceará;1382
Ceará;243740
Ceará;2032
Ceará;2920
Ceará;530
Ceará;1199
Ceará;3093
Ceará;420
Ceará;1664
Ceará;1534
Ceará;2310
Ceará;838
Ceará;2551
Ceará;7233
Ceará;1150
Ceará;1500
Ceará;1680
Ceará;2538
Ceará;6639
Ceará;9830
Ceará;1781
Ceará;1217
Ceará;1091
Ceará;4426
Ceará;2551
Ceará;2335
Ceará;1123
Ceará;1339
Ceará;4403
Ceará;3128
Ceará;10149
Ceará;2083
Ceará;3187
Ceará;1995
Ceará;1840
Ceará;974
Ceará;4186
Ceará;3498
Ceará;1651
Ceará;728
Ceará;2623
Ceará;26402
Ceará;1570
Ceará;2632
Ceará;6468
Ceará;1306
Ceará;20691
Ceará;11474
Ceará;1847
Ceará;1419
Ceará;2315
Ceará;3834
Ceará;1670
Ceará;2849
Ceará;1121
Ceará;1245
Ceará;2070
Ceará;3705
Ceará;1875
Ceará;8197
Ceará;1872
Ceará;1401
Ceará;1793
Ceará;1045
Ceará;1193
Ceará;3172
Ceará;1600
Ceará;1980
Ceará;3275
Ceará;5569
Ceará;5992
Ceará;1350
Ceará;604
Ceará;1340
Ceará;945
Ceará;4586
Ceará;2608
Ceará;1362
Ceará;984
Ceará;946
Ceará;724
Ceará;3625
Ceará;2069
Ceará;2058
Ceará;1690
Ceará;978
Ceará;765
Ceará;1501
Ceará;640
Ceará;707
Ceará;1560
Ceará;8859
Ceará;2251
Ceará;8763
Ceará;3651
Ceará;4774
Ceará;2617
Ceará;10071
Ceará;950
Ceará;1103
Ceará;5189
Ceará;2265
Ceará;1170
Ceará;3560
Ceará;6658
Ceará;739
Ceará;1267
Ceará;1971
Ceará;1133
Ceará;26238
Ceará;1418
Ceará;4909
Ceará;2072
Ceará;485
Ceará;7966
Ceará;1664
Ceará;8876
Ceará;1928
Ceará;1362
Ceará;1782
Ceará;437
Ceará;878
Ceará;1816
Ceará;1406
Ceará;2231
Ceará;3010
Ceará;4652
Distrito Federal;697512
Espírito Santo;3361
Espírito Santo;803
Espírito Santo;1883
Espírito Santo;2274
Espírito Santo;2331
Espírito Santo;681
Espírito Santo;4630
Espírito Santo;789
Espírito Santo;15299
Espírito Santo;1452
Espírito Santo;3386
Espírito Santo;4626
Espírito Santo;1520
Espírito Santo;1029
Espírito Santo;1594
Espírito Santo;25693
Espírito Santo;38609
Espírito Santo;5739
Espírito Santo;18782
Espírito Santo;1687
Espírito Santo;1371
Espírito Santo;385
Espírito Santo;3660
Espírito Santo;687
Espírito Santo;3037
Espírito Santo;2511
Espírito Santo;1895
Espírito Santo;2611
Espírito Santo;15201
Espírito Santo;3389
Espírito Santo;1665
Espírito Santo;424
Espírito Santo;2528
Espírito Santo;1498
Espírito Santo;1581
Espírito Santo;4240
Espírito Santo;1387
Espírito Santo;2595
Espírito Santo;3519
Espírito Santo;1242
Espírito Santo;2541
Espírito Santo;800
Espírito Santo;24757
Espírito Santo;897
Espírito Santo;6566
Espírito Santo;3175
Espírito Santo;1985
Espírito Santo;3001
Espírito Santo;1571
Espírito Santo;606
Espírito Santo;2717
Espírito Santo;1868
Espírito Santo;5355
Espírito Santo;2363
Espírito Santo;2154
Espírito Santo;3291
Espírito Santo;2571
Espírito Santo;586
Espírito Santo;2039
Espírito Santo;2419
Espírito Santo;1496
Espírito Santo;1081
Espírito Santo;5145
Espírito Santo;4072
Espírito Santo;1313
Espírito Santo;6431
Espírito Santo;936
Espírito Santo;11776
Espírito Santo;1683
Espírito Santo;64057
Espírito Santo;3081
Espírito Santo;2355
Espírito Santo;4342
Espírito Santo;8020
Espírito Santo;1004
Espírito Santo;2997
Espírito Santo;62287
Espírito Santo;54008
Goiás;1338536
Maranhão;5164
Maranhão;179
Maranhão;674
Maranhão;306
Maranhão;975
Maranhão;318
Maranhão;1152
Maranhão;1906
Maranhão;851
Maranhão;172
Maranhão;1576
Maranhão;893
Maranhão;829
Maranhão;499
Maranhão;806
Maranhão;651
Maranhão;1281
Maranhão;681
Maranhão;191
Maranhão;4905
Maranhão;321
Maranhão;549
Maranhão;117
Maranhão;9592
Maranhão;425
Maranhão;5668
Maranhão;2064
Maranhão;213
Maranhão;400
Maranhão;296
Maranhão;276
Maranhão;292
Maranhão;15
Maranhão;1392
Maranhão;3081
Maranhão;461
Maranhão;886
Maranhão;295
Maranhão;752
Maranhão;1395
Maranhão;3254
Maranhão;441
Maranhão;281
Maranhão;97
Maranhão;228
Maranhão;1038
Maranhão;108
Maranhão;812
Maranhão;634
Maranhão;825
Maranhão;874
Maranhão;10650
Maranhão;201
Maranhão;44
Maranhão;465
Maranhão;982
Maranhão;4361
Maranhão;525
Maranhão;2791
Maranhão;1619
Maranhão;2978
Maranhão;221
Maranhão;3047
Maranhão;1346
Maranhão;564
Maranhão;1202
Maranhão;735
Maranhão;896
Maranhão;3396
Maranhão;1455
Maranhão;847
Maranhão;1236
Maranhão;1174
Maranhão;1460
Maranhão;144
Maranhão;969
Maranhão;402
Maranhão;615
Maranhão;830
Maranhão;260
Maranhão;740
Maranhão;839
Maranhão;124
Maranhão;4736
Maranhão;367
Maranhão;1565
Maranhão;259
Maranhão;714
Maranhão;1608
Maranhão;16389
Maranhão;881
Maranhão;2744
Maranhão;805
Maranhão;91
Maranhão;1131
Maranhão;695
Maranhão;585
Maranhão;310
Maranhão;2603
Maranhão;517
Maranhão;587
Maranhão;739
Maranhão;1685
Maranhão;263
Maranhão;373
Maranhão;1079
Maranhão;713
Maranhão;531
Maranhão;505
Maranhão;541
Maranhão;231
Maranhão;618
Maranhão;350
Maranhão;384
Maranhão;983
Maranhão;239
Maranhão;240
Maranhão;891
Maranhão;1073
Maranhão;262
Maranhão;2097
Maranhão;771
Maranhão;320
Maranhão;812
Maranhão;335
Maranhão;112
Maranhão;468
Maranhão;816
Maranhão;660
Maranhão;828
Maranhão;175
Maranhão;977
Maranhão;999
Maranhão;1293
Maranhão;770
Maranhão;214
Maranhão;1061
Maranhão;3766
Maranhão;113
Maranhão;471
Maranhão;286
Maranhão;953
Maranhão;1411
Maranhão;2939
Maranhão;1733
Maranhão;616
Maranhão;1673
Maranhão;1647
Maranhão;232
Maranhão;2099
Maranhão;113
Maranhão;335
Maranhão;204
Maranhão;293
Maranhão;82
Maranhão;1374
Maranhão;1829
Maranhão;451
Maranhão;501
Maranhão;389
Maranhão;50
Maranhão;2030
Maranhão;7944
Maranhão;4838
Maranhão;881
Maranhão;501
Maranhão;743
Maranhão;208
Maranhão;239
Maranhão;1364
Maranhão;1495
Maranhão;835
Maranhão;1062
Maranhão;232
Maranhão;2405
Maranhão;260
Maranhão;481
Maranhão;410
Maranhão;194
Maranhão;525
Maranhão;333
Maranhão;1096
Maranhão;2411
Maranhão;2493
Maranhão;581
Maranhão;41422
Maranhão;1122
Maranhão;1988
Maranhão;585
Maranhão;398
Maranhão;1955
Maranhão;129
Maranhão;403
Maranhão;220
Maranhão;307
Maranhão;463
Maranhão;304
Maranhão;206
Maranhão;1686
Maranhão;231
Maranhão;215
Maranhão;907
Maranhão;542
Maranhão;6014
Maranhão;1350
Maranhão;248
Maranhão;1974
Maranhão;322
Maranhão;621
Maranhão;1296
Maranhão;1729
Maranhão;1522
Maranhão;325
Maranhão;581
Maranhão;1658
Maranhão;2178
Maranhão;5138
Minas Gerais;425
Minas Gerais;1184
Minas Gerais;1054
Minas Gerais;223
Minas Gerais;743
Minas Gerais;509
Minas Gerais;169
Minas Gerais;599
Minas Gerais;899
Minas Gerais;402
Minas Gerais;1891
Minas Gerais;283
Minas Gerais;439
Minas Gerais;225
Minas Gerais;3056
Minas Gerais;8530
Minas Gerais;464
Minas Gerais;3789
Minas Gerais;473
Minas Gerais;1243
Minas Gerais;674
Minas Gerais;384
Minas Gerais;711
Minas Gerais;424
Minas Gerais;443
Minas Gerais;634
Minas Gerais;254
Minas Gerais;146
Minas Gerais;3461
Minas Gerais;206
Minas Gerais;116
Minas Gerais;640
Minas Gerais;561
Minas Gerais;160
Minas Gerais;70
Minas Gerais;83
Minas Gerais;1581
Minas Gerais;14863
Minas Gerais;156
Minas Gerais;431
Minas Gerais;1809
Minas Gerais;249
Minas Gerais;706
Minas Gerais;12321
Minas Gerais;1018
Minas Gerais;4743
Minas Gerais;843
Minas Gerais;254
Minas Gerais;83
Minas Gerais;664
Minas Gerais;1297
Minas Gerais;1085
Minas Gerais;259
Minas Gerais;1400
Minas Gerais;601
Minas Gerais;1528
Minas Gerais;454
Minas Gerais;481
Minas Gerais;3534
Minas Gerais;326
Minas Gerais;7607
Minas Gerais;374
Minas Gerais;1778
Minas Gerais;771
Minas Gerais;196
Minas Gerais;223672
Minas Gerais;2535
Minas Gerais;830
Minas Gerais;145
Minas Gerais;167
Minas Gerais;337
Minas Gerais;28725
Minas Gerais;111
Minas Gerais;1375
Minas Gerais;118
Minas Gerais;3944
Minas Gerais;176
Minas Gerais;2174
Minas Gerais;4068
Minas Gerais;459
Minas Gerais;601
Minas Gerais;213
Minas Gerais;606
Minas Gerais;910
Minas Gerais;940
Minas Gerais;380
Minas Gerais;459
Minas Gerais;56
Minas Gerais;1433
Minas Gerais;1550
Minas Gerais;226
Minas Gerais;203
Minas Gerais;1184
Minas Gerais;1005
Minas Gerais;218
Minas Gerais;777
Minas Gerais;3426
Minas Gerais;774
Minas Gerais;305
Minas Gerais;362
Minas Gerais;1644
Minas Gerais;1247
Minas Gerais;387
Minas Gerais;628
Minas Gerais;226
Minas Gerais;637
Minas Gerais;490
Minas Gerais;143
Minas Gerais;971
Minas Gerais;1887
Minas Gerais;136
Minas Gerais;372
Minas Gerais;813
Minas Gerais;91
Minas Gerais;2960
Minas Gerais;3418
Minas Gerais;657
Minas Gerais;216
Minas Gerais;1583
Minas Gerais;1575
Minas Gerais;1120
Minas Gerais;210
Minas Gerais;6338
Minas Gerais;835
Minas Gerais;890
Minas Gerais;1080
Minas Gerais;1938
Minas Gerais;544
Minas Gerais;237
Minas Gerais;986
Minas Gerais;640
Minas Gerais;199
Minas Gerais;346
Minas Gerais;152
Minas Gerais;2001
Minas Gerais;726
Minas Gerais;702
Minas Gerais;1961
Minas Gerais;373
Minas Gerais;1007
Minas Gerais;835
Minas Gerais;852
Minas Gerais;984
Minas Gerais;120
Minas Gerais;1702
Minas Gerais;3469
Minas Gerais;8626
Minas Gerais;508
Minas Gerais;517
Minas Gerais;2282
Minas Gerais;96
Minas Gerais;466
Minas Gerais;702
Minas Gerais;845
Minas Gerais;994
Minas Gerais;2735
Minas Gerais;1208
Minas Gerais;1909
Minas Gerais;1053
Minas Gerais;336
Minas Gerais;188
Minas Gerais;183
Minas Gerais;73
Minas Gerais;119
Minas Gerais;1210
Minas Gerais;7038
Minas Gerais;483
Minas Gerais;99
Minas Gerais;495
Minas Gerais;191
Minas Gerais;1459
Minas Gerais;21
Minas Gerais;680
Minas Gerais;935
Minas Gerais;213
Minas Gerais;619
Minas Gerais;175
Minas Gerais;803
Minas Gerais;308
Minas Gerais;425
Minas Gerais;454
Minas Gerais;390
Minas Gerais;3670
Minas Gerais;511
Minas Gerais;322
Minas Gerais;352
Minas Gerais;244
Minas Gerais;468
Minas Gerais;200
Minas Gerais;3946
Minas Gerais;144
Minas Gerais;345
Minas Gerais;2778
Minas Gerais;290
Minas Gerais;1061
Minas Gerais;909
Minas Gerais;101
Minas Gerais;471
Minas Gerais;1007
Minas Gerais;7320
Minas Gerais;96
Minas Gerais;553
Minas Gerais;13070
Minas Gerais;1569
Minas Gerais;52
Minas Gerais;37399
Minas Gerais;632
Minas Gerais;604
Minas Gerais;349
Minas Gerais;163
Minas Gerais;1113
Minas Gerais;424
Minas Gerais;1972
Minas Gerais;12785
Minas Gerais;232
Minas Gerais;196
Minas Gerais;289
Minas Gerais;156
Minas Gerais;416
Minas Gerais;598
Minas Gerais;279
Minas Gerais;81
Minas Gerais;221
Minas Gerais;1284
Minas Gerais;286
Minas Gerais;423
Minas Gerais;481
Minas Gerais;318
Minas Gerais;252
Minas Gerais;1121
Minas Gerais;445
Minas Gerais;572
Minas Gerais;4503
Minas Gerais;466
Minas Gerais;429
Minas Gerais;369
Minas Gerais;1282
Minas Gerais;361
Minas Gerais;349
Minas Gerais;121
Minas Gerais;3638
Minas Gerais;115
Minas Gerais;344
Minas Gerais;274
Minas Gerais;1296
Minas Gerais;274
Minas Gerais;302
Minas Gerais;14389
Minas Gerais;335
Minas Gerais;466
Minas Gerais;433
Minas Gerais;245
Minas Gerais;510
Minas Gerais;608
Minas Gerais;361
Minas Gerais;178
Minas Gerais;893
Minas Gerais;1044
Minas Gerais;239
Minas Gerais;1095
Minas Gerais;146
Minas Gerais;99
Minas Gerais;88
Minas Gerais;1055
Minas Gerais;2390
Minas Gerais;706
Minas Gerais;199
Minas Gerais;387
Minas Gerais;653
Minas Gerais;1258
Minas Gerais;2334
Minas Gerais;2346
Minas Gerais;1331
Minas Gerais;352
Minas Gerais;1006
Minas Gerais;157
Minas Gerais;56
Minas Gerais;420
Minas Gerais;1158
Minas Gerais;294
Minas Gerais;7694
Minas Gerais;87
Minas Gerais;191
Minas Gerais;176
Minas Gerais;485
Minas Gerais;954
Minas Gerais;117
Minas Gerais;431
Minas Gerais;1050
Minas Gerais;288
Minas Gerais;8558
Minas Gerais;228
Minas Gerais;234
Minas Gerais;120
Minas Gerais;125
Minas Gerais;152
Minas Gerais;865
Minas Gerais;215
Minas Gerais;529
Minas Gerais;667
Minas Gerais;124
Minas Gerais;1714
Minas Gerais;285
Minas Gerais;113
Minas Gerais;6614
Minas Gerais;209
Minas Gerais;481
Minas Gerais;281
Minas Gerais;147
Minas Gerais;208
Minas Gerais;279
Minas Gerais;257
Minas Gerais;355
Minas Gerais;556
Minas Gerais;26999
Minas Gerais;591
Minas Gerais;85
Minas Gerais;2699
Minas Gerais;904
Minas Gerais;549
Minas Gerais;163
Minas Gerais;1439
Minas Gerais;833
Minas Gerais;523
Minas Gerais;566
Minas Gerais;4916
Minas Gerais;689
Minas Gerais;886
Minas Gerais;753
Minas Gerais;260
Minas Gerais;506
Minas Gerais;842
Minas Gerais;200
Minas Gerais;2094
Minas Gerais;281
Minas Gerais;189
Minas Gerais;874
Minas Gerais;8555
Minas Gerais;445
Minas Gerais;279
Minas Gerais;267
Minas Gerais;2578
Minas Gerais;865
Minas Gerais;504
Minas Gerais;345
Minas Gerais;700
Minas Gerais;297
Minas Gerais;414
Minas Gerais;250
Minas Gerais;557
Minas Gerais;139
Minas Gerais;1918
Minas Gerais;637
Minas Gerais;511
Minas Gerais;1710
Minas Gerais;2551
Minas Gerais;30094
Minas Gerais;352
Minas Gerais;1229
Minas Gerais;697
Minas Gerais;18087
Minas Gerais;1064
Minas Gerais;11732
Minas Gerais;140
Minas Gerais;502
Minas Gerais;1821
Minas Gerais;360
Minas Gerais;8415
Minas Gerais;1342
Minas Gerais;429
Minas Gerais;746
Minas Gerais;106
Minas Gerais;1073
Minas Gerais;1925
Minas Gerais;2110
Minas Gerais;746
Minas Gerais;1537
Minas Gerais;1514
Minas Gerais;1300
Minas Gerais;1532
Minas Gerais;564
Minas Gerais;1891
Minas Gerais;10608
Minas Gerais;93
Minas Gerais;255
Minas Gerais;1023
Minas Gerais;12633
Minas Gerais;218
Minas Gerais;4825
Minas Gerais;135
Minas Gerais;1556
Minas Gerais;958
Minas Gerais;787
Minas Gerais;2006
Minas Gerais;413
Minas Gerais;2069
Minas Gerais;232
Minas Gerais;4503
Minas Gerais;2404
Minas Gerais;320
Minas Gerais;250
Minas Gerais;294
Minas Gerais;162
Minas Gerais;576
Minas Gerais;287
Minas Gerais;360
Minas Gerais;1417
Minas Gerais;236
Minas Gerais;983
Minas Gerais;363
Minas Gerais;7751
Minas Gerais;4150
Minas Gerais;278
Minas Gerais;923
Minas Gerais;74
Minas Gerais;251
Minas Gerais;414
Minas Gerais;2578
Minas Gerais;35156
Minas Gerais;168
Minas Gerais;1034
Minas Gerais;392
Minas Gerais;306
Minas Gerais;374
Minas Gerais;6195
Minas Gerais;68
Minas Gerais;757
Minas Gerais;1861
Minas Gerais;791
Minas Gerais;5285
Minas Gerais;2314
Minas Gerais;1527
Minas Gerais;101
Minas Gerais;626
Minas Gerais;383
Minas Gerais;7085
Minas Gerais;256
Minas Gerais;154
Minas Gerais;4848
Minas Gerais;204
Minas Gerais;793
Minas Gerais;954
Minas Gerais;425
Minas Gerais;324
Minas Gerais;142
Minas Gerais;86
Minas Gerais;1485
Minas Gerais;581
Minas Gerais;3821
Minas Gerais;513
Minas Gerais;1190
Minas Gerais;322
Minas Gerais;1381
Minas Gerais;6009
Minas Gerais;1629
Minas Gerais;3028
Minas Gerais;1097
Minas Gerais;443
Minas Gerais;896
Minas Gerais;8115
Minas Gerais;290
Minas Gerais;1103
Minas Gerais;296
Minas Gerais;344
Minas Gerais;128
Minas Gerais;1060
Minas Gerais;293
Minas Gerais;529
Minas Gerais;153
Minas Gerais;2348
Minas Gerais;294
Minas Gerais;1633
Minas Gerais;248
Minas Gerais;1087
Minas Gerais;901
Minas Gerais;3151
Minas Gerais;155
Minas Gerais;211
Minas Gerais;1017
Minas Gerais;715
Minas Gerais;465
Minas Gerais;393
Minas Gerais;730
Minas Gerais;174
Minas Gerais;593
Minas Gerais;743
Minas Gerais;1506
Minas Gerais;10
Minas Gerais;310
Minas Gerais;828
Minas Gerais;63
Minas Gerais;425
Minas Gerais;1111
Minas Gerais;1552
Minas Gerais;1200
Minas Gerais;1000
Minas Gerais;4337
Minas Gerais;355
Minas Gerais;1180
Minas Gerais;2430
Minas Gerais;36459
Minas Gerais;114
Minas Gerais;571
Minas Gerais;109
Minas Gerais;159
Minas Gerais;529
Minas Gerais;9944
Minas Gerais;1792
Minas Gerais;1423
Minas Gerais;172
Minas Gerais;3926
Minas Gerais;540
Minas Gerais;176
Minas Gerais;347
Minas Gerais;405
Minas Gerais;1937
Minas Gerais;260
Minas Gerais;382
Minas Gerais;1790
Minas Gerais;16068
Minas Gerais;431
Minas Gerais;1655
Minas Gerais;379
Minas Gerais;1255
Minas Gerais;4627
Minas Gerais;262
Minas Gerais;1532
Minas Gerais;536
Minas Gerais;95
Minas Gerais;56
Minas Gerais;122
Minas Gerais;160
Minas Gerais;4147
Minas Gerais;87
Minas Gerais;144
Minas Gerais;313
Minas Gerais;271
Minas Gerais;3990
Minas Gerais;2171
Minas Gerais;5106
Minas Gerais;321
Minas Gerais;260
Minas Gerais;1022
Minas Gerais;137
Minas Gerais;176
Minas Gerais;606
Minas Gerais;59
Minas Gerais;360
Minas Gerais;372
Minas Gerais;1462
Minas Gerais;5236
Minas Gerais;8988
Minas Gerais;1609
Minas Gerais;1332
Minas Gerais;1691
Minas Gerais;1562
Minas Gerais;925
Minas Gerais;107
Minas Gerais;90
Minas Gerais;8708
Minas Gerais;238
Minas Gerais;14619
Minas Gerais;8178
Minas Gerais;364
Minas Gerais;349
Minas Gerais;173
Minas Gerais;410
Minas Gerais;720
Minas Gerais;1332
Minas Gerais;354
Minas Gerais;125
Minas Gerais;230
Minas Gerais;159
Minas Gerais;362
Minas Gerais;194
Minas Gerais;402
Minas Gerais;5001
Minas Gerais;25
Minas Gerais;177
Minas Gerais;308
Minas Gerais;969
Minas Gerais;1347
Minas Gerais;1588
Minas Gerais;595
Minas Gerais;389
Minas Gerais;126
Minas Gerais;633
Minas Gerais;204
Minas Gerais;344
Minas Gerais;83
Minas Gerais;441
Minas Gerais;258
Minas Gerais;94
Minas Gerais;117
Minas Gerais;632
Minas Gerais;508
Minas Gerais;382
Minas Gerais;809
Minas Gerais;2241
Minas Gerais;5106
Minas Gerais;1465
Minas Gerais;2058
Minas Gerais;3281
Minas Gerais;1568
Minas Gerais;1115
Minas Gerais;11263
Minas Gerais;585
Minas Gerais;3133
Minas Gerais;6133
Minas Gerais;255
Minas Gerais;361
Minas Gerais;1958
Minas Gerais;708
Minas Gerais;874
Minas Gerais;19423
Minas Gerais;771
Minas Gerais;760
Minas Gerais;2760
Minas Gerais;517
Minas Gerais;268
Minas Gerais;223
Minas Gerais;144
Minas Gerais;165
Minas Gerais;809
Minas Gerais;526
Minas Gerais;129
Minas Gerais;106
Minas Gerais;1934
Minas Gerais;2152
Minas Gerais;576
Minas Gerais;339
Minas Gerais;607
Minas Gerais;1798
Minas Gerais;281
Minas Gerais;420
Minas Gerais;347
Minas Gerais;16616
Minas Gerais;345
Minas Gerais;1017
Minas Gerais;1009
Minas Gerais;310
Minas Gerais;276
Minas Gerais;258
Minas Gerais;436
Minas Gerais;443
Minas Gerais;1549
Minas Gerais;1071
Minas Gerais;1464
Minas Gerais;1095
Minas Gerais;360
Minas Gerais;204
Minas Gerais;232
Minas Gerais;210
Minas Gerais;875
Minas Gerais;342
Minas Gerais;203
Minas Gerais;115
Minas Gerais;845
Minas Gerais;5146
Minas Gerais;573
Minas Gerais;2321
Minas Gerais;2891
Minas Gerais;420
Minas Gerais;2808
Minas Gerais;575
Minas Gerais;159
Minas Gerais;153
Minas Gerais;699
Minas Gerais;45
Minas Gerais;421
Minas Gerais;345
Minas Gerais;233
Minas Gerais;485
Minas Gerais;1044
Minas Gerais;7877
Minas Gerais;873
Minas Gerais;860
Minas Gerais;595
Minas Gerais;878
Minas Gerais;850
Minas Gerais;33
Minas Gerais;282
Minas Gerais;740
Minas Gerais;844
Minas Gerais;2811
Minas Gerais;56
Minas Gerais;2039
Minas Gerais;517
Minas Gerais;579
Minas Gerais;549
Minas Gerais;306
Minas Gerais;35
Minas Gerais;236
Minas Gerais;750
Minas Gerais;6262
Minas Gerais;328
Minas Gerais;105
Minas Gerais;1027
Minas Gerais;328
Minas Gerais;400
Minas Gerais;111
Minas Gerais;741
Minas Gerais;3275
Minas Gerais;316
Minas Gerais;106
Minas Gerais;124
Minas Gerais;3873
Minas Gerais;155
Minas Gerais;302
Minas Gerais;550
Minas Gerais;883
Minas Gerais;206
Minas Gerais;1221
Minas Gerais;371
Minas Gerais;677
Minas Gerais;361
Minas Gerais;930
Minas Gerais;254
Minas Gerais;168
Minas Gerais;366
Minas Gerais;527
Minas Gerais;1197
Minas Gerais;179
Minas Gerais;2154
Minas Gerais;3027
Minas Gerais;1014
Minas Gerais;145
Minas Gerais;262
Minas Gerais;535
Minas Gerais;398
Minas Gerais;7101
Minas Gerais;707
Minas Gerais;778
Minas Gerais;753
Minas Gerais;39
Minas Gerais;1554
Minas Gerais;812
Minas Gerais;1856
Minas Gerais;1642
Minas Gerais;578
Minas Gerais;2247
Minas Gerais;403
Minas Gerais;199
Minas Gerais;186
Minas Gerais;317
Minas Gerais;386
Minas Gerais;214
Minas Gerais;201
Minas Gerais;4780
Minas Gerais;366
Minas Gerais;294
Minas Gerais;232
Minas Gerais;408
Minas Gerais;208
Minas Gerais;671
Minas Gerais;455
Minas Gerais;205
Minas Gerais;421
Minas Gerais;332
Minas Gerais;418
Minas Gerais;5216
Minas Gerais;124
Minas Gerais;261
Minas Gerais;631
Minas Gerais;388
Minas Gerais;239
Minas Gerais;219
Minas Gerais;452
Minas Gerais;430
Minas Gerais;1914
Minas Gerais;144
Minas Gerais;753
Minas Gerais;141
Minas Gerais;371
Minas Gerais;163
Minas Gerais;173
Minas Gerais;227
Minas Gerais;87
Minas Gerais;281
Minas Gerais;584
Minas Gerais;75
Minas Gerais;90
Minas Gerais;52
Minas Gerais;1268
Minas Gerais;484
Minas Gerais;537
Minas Gerais;170
Minas Gerais;27
Minas Gerais;1077
Minas Gerais;20428
Minas Gerais;186
Minas Gerais;81
Minas Gerais;274
Minas Gerais;262
Minas Gerais;1051
Minas Gerais;263
Minas Gerais;305
Minas Gerais;286
Minas Gerais;2774
Minas Gerais;308
Minas Gerais;385
Minas Gerais;57
Minas Gerais;247
Minas Gerais;516
Minas Gerais;746
Minas Gerais;12189
Minas Gerais;10776
Minas Gerais;449
Minas Gerais;338
Minas Gerais;2161
Minas Gerais;257
Minas Gerais;618
Minas Gerais;858
Minas Gerais;7600
Minas Gerais;2083
Minas Gerais;6116
Minas Gerais;468
Minas Gerais;2705
Minas Gerais;1046
Minas Gerais;190
Minas Gerais;12981
Minas Gerais;171
Minas Gerais;1408
Minas Gerais;31454
Minas Gerais;98665
Minas Gerais;266
Minas Gerais;10737
Minas Gerais;276
Minas Gerais;141
Minas Gerais;940
Minas Gerais;440
Minas Gerais;374
Minas Gerais;115
Minas Gerais;427
Minas Gerais;12615
Minas Gerais;673
Minas Gerais;3455
Minas Gerais;707
Minas Gerais;2649
Minas Gerais;467
Minas Gerais;161
Minas Gerais;134
Minas Gerais;323
Minas Gerais;5670
Minas Gerais;7333
Minas Gerais;345
Minas Gerais;549
Minas Gerais;539
Minas Gerais;540
Minas Gerais;327
Minas Gerais;4066
Minas Gerais;404
Minas Gerais;173
Mato Grosso do Sul;2217
Mato Grosso do Sul;311
Mato Grosso do Sul;2929
Mato Grosso do Sul;2256
Mato Grosso do Sul;484
Mato Grosso do Sul;1172
Mato Grosso do Sul;476
Mato Grosso do Sul;3330
Mato Grosso do Sul;4889
Mato Grosso do Sul;498
Mato Grosso do Sul;549
Mato Grosso do Sul;2992
Mato Grosso do Sul;993
Mato Grosso do Sul;942
Mato Grosso do Sul;447
Mato Grosso do Sul;2847
Mato Grosso do Sul;1076
Mato Grosso do Sul;3878
Mato Grosso do Sul;781
Mato Grosso do Sul;112426
Mato Grosso do Sul;347
Mato Grosso do Sul;2677
Mato Grosso do Sul;3787
Mato Grosso do Sul;229
Mato Grosso do Sul;928
Mato Grosso do Sul;14264
Mato Grosso do Sul;2895
Mato Grosso do Sul;3576
Mato Grosso do Sul;1749
Mato Grosso do Sul;979
Mato Grosso do Sul;593
Mato Grosso do Sul;34885
Mato Grosso do Sul;1248
Mato Grosso do Sul;2667
Mato Grosso do Sul;153
Mato Grosso do Sul;1139
Mato Grosso do Sul;849
Mato Grosso do Sul;862
Mato Grosso do Sul;944
Mato Grosso do Sul;1874
Mato Grosso do Sul;2011
Mato Grosso do Sul;4028
Mato Grosso do Sul;198
Mato Grosso do Sul;247
Mato Grosso do Sul;1701
Mato Grosso do Sul;449
Mato Grosso do Sul;603
Mato Grosso do Sul;2597
Mato Grosso do Sul;560
Mato Grosso do Sul;5598
Mato Grosso do Sul;2654
Mato Grosso do Sul;2160
Mato Grosso do Sul;8680
Mato Grosso do Sul;978
Mato Grosso do Sul;2031
Mato Grosso do Sul;3474
Mato Grosso do Sul;402
Mato Grosso do Sul;371
Mato Grosso do Sul;4084
Mato Grosso do Sul;491
Mato Grosso do Sul;567
Mato Grosso do Sul;8817
Mato Grosso do Sul;1284
Mato Grosso do Sul;1828
Mato Grosso do Sul;4638
Mato Grosso do Sul;459
Mato Grosso do Sul;1985
Mato Grosso do Sul;371
Mato Grosso do Sul;499
Mato Grosso do Sul;3687
Mato Grosso do Sul;506
Mato Grosso do Sul;682
Mato Grosso do Sul;4957
Mato Grosso do Sul;1354
Mato Grosso do Sul;714
Mato Grosso do Sul;256
Mato Grosso do Sul;1565
Mato Grosso do Sul;17113
Mato Grosso do Sul;884
Mato Grosso;484
Mato Grosso;2772
Mato Grosso;8279
Mato Grosso;1163
Mato Grosso;742
Mato Grosso;848
Mato Grosso;855
Mato Grosso;1415
Mato Grosso;1691
Mato Grosso;261
Mato Grosso;25
Mato Grosso;1903
Mato Grosso;1683
Mato Grosso;2693
Mato Grosso;356
Mato Grosso;2866
Mato Grosso;7801
Mato Grosso;991
Mato Grosso;1922
Mato Grosso;9359
Mato Grosso;1265
Mato Grosso;6433
Mato Grosso;5596
Mato Grosso;991
Mato Grosso;380
Mato Grosso;2833
Mato Grosso;1804
Mato Grosso;562
Mato Grosso;1647
Mato Grosso;1549
Mato Grosso;624
Mato Grosso;5093
Mato Grosso;2130
Mato Grosso;1703
Mato Grosso;3329
Mato Grosso;431
Mato Grosso;974
Mato Grosso;90308
Mato Grosso;285
Mato Grosso;569
Mato Grosso;2554
Mato Grosso;547
Mato Grosso;1684
Mato Grosso;304
Mato Grosso;943
Mato Grosso;651
Mato Grosso;322
Mato Grosso;3713
Mato Grosso;259
Mato Grosso;216
Mato Grosso;1093
Mato Grosso;618
Mato Grosso;774
Mato Grosso;558
Mato Grosso;3048
Mato Grosso;532
Mato Grosso;660
Mato Grosso;4380
Mato Grosso;3612
Mato Grosso;1311
Mato Grosso;1187
Mato Grosso;627
Mato Grosso;13308
Mato Grosso;123
Mato Grosso;1561
Mato Grosso;2116
Mato Grosso;3380
Mato Grosso;1658
Mato Grosso;797
Mato Grosso;1009
Mato Grosso;668
Mato Grosso;312
Mato Grosso;1229
Mato Grosso;890
Mato Grosso;7402
Mato Grosso;295
Mato Grosso;1383
Mato Grosso;519
Mato Grosso;575
Mato Grosso;2753
Mato Grosso;433
Mato Grosso;791
Mato Grosso;278
Mato Grosso;477
Mato Grosso;2441
Mato Grosso;2930
Mato Grosso;1744
Mato Grosso;2526
Pará;8716
Pará;943
Pará;1306
Pará;2966
Pará;1096
Pará;3296
Pará;3517
Pará;13313
Pará;1347
Pará;23511
Pará;1519
Pará;1990
Pará;1473
Pará;630
Pará;910
Pará;737
Pará;641
Pará;11005
Pará;101799
Pará;1423
Pará;3853
Pará;759
Pará;381
Pará;3968
Pará;1846
Pará;791
Pará;757
Pará;4012
Pará;1394
Pará;492
Pará;864
Pará;8669
Pará;8238
Pará;3322
Pará;2065
Pará;8014
Pará;504
Pará;512
Pará;3801
Pará;2494
Pará;781
Pará;2379
Pará;565
Pará;1844
Pará;2173
Pará;1882
Pará;570
Pará;1100
Pará;980
Pará;1345
Pará;1706
Pará;2209
Pará;2569
Pará;3067
Pará;331
Pará;2192
Pará;1339
Pará;10532
Pará;1479
Pará;2397
Pará;2078
Pará;4045
Pará;1605
Pará;1389
Pará;336
Pará;17132
Pará;751
Pará;960
Pará;2791
Pará;3077
Pará;511
Pará;3249
Pará;1967
Pará;1302
Pará;5311
Pará;854
Pará;1391
Pará;1080
Pará;1003
Pará;2454
Pará;1766
Pará;6313
Pará;1434
Pará;7868
Pará;393
Pará;5155
Pará;1980
Pará;661
Pará;8038
Pará;50220
Pará;709
Pará;333
Pará;678
Pará;1657
Pará;2685
Pará;2765
Pará;1303
Pará;1757
Pará;756
Pará;968
Pará;12789
Pará;2386
Pará;1390
Pará;3774
Pará;1128
Pará;1272
Pará;1191
Pará;173
Pará;2038
Pará;1419
Pará;847
Pará;1455
Pará;2863
Pará;18088
Pará;381
Pará;1850
Pará;1186
Pará;2398
Pará;960
Pará;4056
Pará;805
Pará;1376
Pará;72
Pará;320
Pará;75
Pará;3180
Pará;634
Pará;403
Pará;703
Pará;700
Pará;5729
Pará;598
Pará;1317
Pará;2005
Pará;697
Pará;1275
Pará;4739
Pará;6507
Pará;2467
Pará;2013
Pará;2778
Pará;1514
Pará;1887
Pará;4592
Paraíba;973
Paraíba;456
Paraíba;3711
Paraíba;970
Paraíba;1869
Paraíba;429
Paraíba;174
Paraíba;2115
Paraíba;163
Paraíba;887
Paraíba;1306
Paraíba;937
Paraíba;624
Paraíba;1234
Paraíba;149
Paraíba;320
Paraíba;1538
Paraíba;385
Paraíba;1265
Paraíba;1262
Paraíba;652
Paraíba;1512
Paraíba;455
Paraíba;502
Paraíba;6912
Paraíba;2027
Paraíba;506
Paraíba;251
Paraíba;383
Paraíba;711
Paraíba;149
Paraíba;357
Paraíba;448
Paraíba;1653
Paraíba;381
Paraíba;1561
Paraíba;648
Paraíba;1835
Paraíba;358
Paraíba;8488
Paraíba;758
Paraíba;51
Paraíba;1101
Paraíba;217
Paraíba;730
Paraíba;8494
Paraíba;165
Paraíba;526
Paraíba;419
Paraíba;33371
Paraíba;227
Paraíba;240
Paraíba;431
Paraíba;911
Paraíba;263
Paraíba;3797
Paraíba;296
Paraíba;861
Paraíba;467
Paraíba;2358
Paraíba;411
Paraíba;1558
Paraíba;105
Paraíba;968
Paraíba;392
Paraíba;1683
Paraíba;296
Paraíba;859
Paraíba;355
Paraíba;375
Paraíba;481
Paraíba;505
Paraíba;534
Paraíba;550
Paraíba;426
Paraíba;127
Paraíba;4739
Paraíba;452
Paraíba;308
Paraíba;590
Paraíba;8786
Paraíba;816
Paraíba;194
Paraíba;610
Paraíba;329
Paraíba;320
Paraíba;2703
Paraíba;2910
Paraíba;2376
Paraíba;2002
Paraíba;884
Paraíba;943
Paraíba;608
Paraíba;92845
Paraíba;94
Paraíba;892
Paraíba;596
Paraíba;413
Paraíba;1337
Paraíba;688
Paraíba;163
Paraíba;851
Paraíba;2152
Paraíba;393
Paraíba;690
Paraíba;368
Paraíba;944
Paraíba;262
Paraíba;369
Paraíba;4518
Paraíba;381
Paraíba;873
Paraíba;2048
Paraíba;351
Paraíba;1048
Paraíba;454
Paraíba;171
Paraíba;84
Paraíba;407
Paraíba;1049
Paraíba;287
Paraíba;446
Paraíba;3459
Paraíba;785
Paraíba;295
Paraíba;486
Paraíba;947
Paraíba;332
Paraíba;545
Paraíba;329
Paraíba;289
Paraíba;234
Paraíba;182
Paraíba;129
Paraíba;12329
Paraíba;1157
Paraíba;400
Paraíba;247
Paraíba;2377
Paraíba;270
Paraíba;2048
Paraíba;1630
Paraíba;996
Paraíba;187
Paraíba;631
Paraíba;668
Paraíba;1520
Paraíba;1108
Paraíba;155
Paraíba;229
Paraíba;5040
Paraíba;233
Paraíba;1925
Paraíba;653
Paraíba;3228
Paraíba;79
Paraíba;1159
Paraíba;182
Paraíba;430
Paraíba;227
Paraíba;87
Paraíba;670
Paraíba;2342
Paraíba;160
Paraíba;712
Paraíba;308
Paraíba;295
Paraíba;502
Paraíba;130
Paraíba;1858
Paraíba;8304
Paraíba;206
Paraíba;343
Paraíba;399
Paraíba;343
Paraíba;392
Paraíba;5395
Paraíba;244
Paraíba;165
Paraíba;170
Paraíba;395
Paraíba;1171
Paraíba;196
Paraíba;947
Paraíba;364
Paraíba;421
Paraíba;1982
Paraíba;191
Paraíba;125
Paraíba;175
Paraíba;670
Paraíba;93
Paraíba;429
Paraíba;705
Paraíba;512
Paraíba;890
Paraíba;216
Paraíba;357
Paraíba;2724
Paraíba;906
Paraíba;490
Paraíba;202
Paraíba;500
Paraíba;614
Paraíba;587
Paraíba;474
Paraíba;3565
Paraíba;1025
Paraíba;245
Paraíba;6727
Paraíba;2424
Paraíba;329
Paraíba;641
Paraíba;865
Paraíba;737
Paraíba;95
Paraíba;862
Paraíba;572
Paraíba;367
Paraíba;102
Paraíba;181
Paraíba;151
Paraíba;144
Pernambuco;3019
Pernambuco;4815
Pernambuco;858
Pernambuco;1623
Pernambuco;1441
Pernambuco;1593
Pernambuco;1150
Pernambuco;619
Pernambuco;1085
Pernambuco;553
Pernambuco;206
Pernambuco;621
Pernambuco;6359
Pernambuco;5469
Pernambuco;361
Pernambuco;758
Pernambuco;247
Pernambuco;656
Pernambuco;3527
Pernambuco;468
Pernambuco;3732
Pernambuco;1889
Pernambuco;1719
Pernambuco;1493
Pernambuco;889
Pernambuco;452
Pernambuco;644
Pernambuco;2023
Pernambuco;329
Pernambuco;2212
Pernambuco;7397
Pernambuco;2173
Pernambuco;556
Pernambuco;1474
Pernambuco;452
Pernambuco;625
Pernambuco;6418
Pernambuco;518
Pernambuco;831
Pernambuco;563
Pernambuco;1249
Pernambuco;2055
Pernambuco;200
Pernambuco;3891
Pernambuco;30289
Pernambuco;308
Pernambuco;1173
Pernambuco;1609
Pernambuco;448
Pernambuco;429
Pernambuco;1365
Pernambuco;281
Pernambuco;229
Pernambuco;446
Pernambuco;1954
Pernambuco;770
Pernambuco;1166
Pernambuco;861
Pernambuco;3825
Pernambuco;1353
Pernambuco;283
Pernambuco;995
Pernambuco;930
Pernambuco;1724
Pernambuco;1172
Pernambuco;424
Pernambuco;13114
Pernambuco;1101
Pernambuco;6529
Pernambuco;388
Pernambuco;4511
Pernambuco;699
Pernambuco;858
Pernambuco;244
Pernambuco;3196
Pernambuco;721
Pernambuco;964
Pernambuco;426
Pernambuco;422
Pernambuco;3108
Pernambuco;1069
Pernambuco;306
Pernambuco;896
Pernambuco;1452
Pernambuco;1168
Pernambuco;780
Pernambuco;535
Pernambuco;31251
Pernambuco;337
Pernambuco;954
Pernambuco;662
Pernambuco;616
Pernambuco;377
Pernambuco;660
Pernambuco;1030
Pernambuco;511
Pernambuco;1024
Pernambuco;1007
Pernambuco;516
Pernambuco;664
Pernambuco;1493
Pernambuco;2260
Pernambuco;2617
Pernambuco;1208
Pernambuco;642
Pernambuco;347
Pernambuco;325
Pernambuco;836
Pernambuco;550
Pernambuco;1755
Pernambuco;1065
Pernambuco;20214
Pernambuco;1063
Pernambuco;675
Pernambuco;2779
Pernambuco;3748
Pernambuco;196
Pernambuco;985
Pernambuco;484
Pernambuco;1213
Pernambuco;1376
Pernambuco;2624
Pernambuco;10010
Pernambuco;1078
Pernambuco;4448
Pernambuco;1597
Pernambuco;26755
Pernambuco;561
Pernambuco;1762
Pernambuco;291
Pernambuco;680
Pernambuco;417
Pernambuco;130007
Pernambuco;1165
Pernambuco;454
Pernambuco;892
Pernambuco;482
Pernambuco;206
Pernambuco;7310
Pernambuco;645
Pernambuco;1225
Pernambuco;863
Pernambuco;549
Pernambuco;7796
Pernambuco;464
Pernambuco;1042
Pernambuco;574
Pernambuco;962
Pernambuco;336
Pernambuco;2718
Pernambuco;1699
Pernambuco;853
Pernambuco;810
Pernambuco;1466
Pernambuco;2305
Pernambuco;2481
Pernambuco;4017
Pernambuco;1246
Pernambuco;9414
Pernambuco;1081
Pernambuco;2797
Pernambuco;843
Pernambuco;628
Pernambuco;4087
Pernambuco;2708
Pernambuco;464
Pernambuco;770
Pernambuco;560
Pernambuco;683
Pernambuco;485
Pernambuco;874
Pernambuco;3212
Pernambuco;1431
Pernambuco;202
Pernambuco;1774
Pernambuco;877
Pernambuco;843
Pernambuco;387
Pernambuco;1287
Pernambuco;479
Pernambuco;412
Pernambuco;1131
Pernambuco;729
Pernambuco;6367
Pernambuco;475
Piauí;195
Piauí;472
Piauí;1467
Piauí;342
Piauí;490
Piauí;624
Piauí;4289
Piauí;380
Piauí;1488
Piauí;787
Piauí;289
Piauí;405
Piauí;573
Piauí;121
Piauí;152
Piauí;327
Piauí;375
Piauí;2365
Piauí;131
Piauí;4757
Piauí;70
Piauí;682
Piauí;1043
Piauí;261
Piauí;454
Piauí;1147
Piauí;847
Piauí;157
Piauí;548
Piauí;271
Piauí;3340
Piauí;129
Piauí;346
Piauí;655
Piauí;576
Piauí;115
Piauí;1276
Piauí;616
Piauí;535
Piauí;58
Piauí;475
Piauí;397
Piauí;212
Piauí;111
Piauí;489
Piauí;493
Piauí;5268
Piauí;164
Piauí;1134
Piauí;739
Piauí;64
Piauí;358
Piauí;188
Piauí;574
Piauí;1433
Piauí;148
Piauí;1313
Piauí;457
Piauí;315
Piauí;245
Piauí;520
Piauí;412
Piauí;340
Piauí;103
Piauí;1690
Piauí;48
Piauí;665
Piauí;951
Piauí;297
Piauí;276
Piauí;313
Piauí;3086
Piauí;212
Piauí;442
Piauí;221
Piauí;228
Piauí;672
Piauí;289
Piauí;2684
Piauí;180
Piauí;164
Piauí;98
Piauí;7682
Piauí;71
Piauí;213
Piauí;454
Piauí;425
Piauí;728
Piauí;275
Piauí;517
Piauí;1154
Piauí;104
Piauí;511
Piauí;1030
Piauí;1148
Piauí;649
Piauí;675
Piauí;570
Piauí;143
Piauí;364
Piauí;1490
Piauí;220
Piauí;266
Piauí;206
Piauí;172
Piauí;1523
Piauí;542
Piauí;5255
Piauí;340
Piauí;144
Piauí;244
Piauí;356
Piauí;450
Piauí;926
Piauí;879
Piauí;93
Piauí;273
Piauí;914
Piauí;1536
Piauí;2599
Piauí;390
Piauí;475
Piauí;862
Piauí;368
Piauí;197
Piauí;629
Piauí;2019
Piauí;243
Piauí;243
Piauí;1484
Piauí;486
Piauí;949
Piauí;136
Piauí;866
Piauí;272
Piauí;352
Piauí;415
Piauí;417
Piauí;697
Piauí;145
Piauí;331
Piauí;236
Piauí;4452
Piauí;206
Piauí;497
Piauí;106
Piauí;87
Piauí;229
Piauí;310
Piauí;148
Piauí;262
Piauí;15301
Piauí;246
Piauí;326
Piauí;329
Piauí;1150
Piauí;312
Piauí;4073
Piauí;64
Piauí;7300
Piauí;921
Piauí;919
Piauí;2780
Piauí;10021
Piauí;530
Piauí;183
Piauí;147
Piauí;625
Piauí;483
Piauí;998
Piauí;113
Piauí;39
Piauí;743
Piauí;416
Piauí;778
Piauí;270
Piauí;79
Piauí;190
Piauí;135
Piauí;147
Piauí;60
Piauí;162
Piauí;269
Piauí;76
Piauí;265
Piauí;54
Piauí;126
Piauí;180
Piauí;427
Piauí;334
Piauí;230
Piauí;316
Piauí;247
Piauí;737
Piauí;1621
Piauí;201
Piauí;102
Piauí;178
Piauí;322
Piauí;62
Piauí;108
Piauí;173
Piauí;144
Piauí;594
Piauí;1248
Piauí;3389
Piauí;23
Piauí;377
Piauí;421
Piauí;844
Piauí;1342
Piauí;157
Piauí;403
Piauí;53
Piauí;175
Piauí;98321
Piauí;2130
Piauí;3668
Piauí;1759
Piauí;194
Piauí;467
Piauí;220
Piauí;261
Piauí;329
Paraná;913
Paraná;1261
Paraná;541
Paraná;9093
Paraná;200
Paraná;220
Paraná;906
Paraná;825
Paraná;1028
Paraná;704
Paraná;302
Paraná;1618
Paraná;342
Paraná;1913
Paraná;309
Paraná;2411
Paraná;379
Paraná;8270
Paraná;11435
Paraná;2744
Paraná;191
Paraná;1572
Paraná;23506
Paraná;162
Paraná;1273
Paraná;3905
Paraná;2710
Paraná;390
Paraná;1462
Paraná;4465
Paraná;1072
Paraná;203
Paraná;1143
Paraná;171
Paraná;1772
Paraná;1070
Paraná;378
Paraná;144
Paraná;421
Paraná;800
Paraná;1640
Paraná;404
Paraná;707
Paraná;362
Paraná;749
Paraná;425
Paraná;374
Paraná;319
Paraná;2033
Paraná;374
Paraná;1049
Paraná;2335
Paraná;10128
Paraná;749
Paraná;1330
Paraná;366
Paraná;4901
Paraná;317
Paraná;357
Paraná;16815
Paraná;3001
Paraná;10773
Paraná;889
Paraná;1192
Paraná;954
Paraná;2162
Paraná;1506
Paraná;3247
Paraná;570
Paraná;37291
Paraná;10211
Paraná;861
Paraná;876
Paraná;1123
Paraná;1313
Paraná;2307
Paraná;7232
Paraná;1743
Paraná;1751
Paraná;20645
Paraná;2101
Paraná;872
Paraná;649
Paraná;1997
Paraná;1757
Paraná;6151
Paraná;1168
Paraná;3046
Paraná;300
Paraná;856
Paraná;307
Paraná;2522
Paraná;375
Paraná;217
Paraná;164445
Paraná;1252
Paraná;547
Paraná;221
Paraná;321
Paraná;6121
Paraná;687
Paraná;538
Paraná;285
Paraná;631
Paraná;1170
Paraná;401
Paraná;275
Paraná;312
Paraná;164
Paraná;1919
Paraná;12761
Paraná;301
Paraná;444
Paraná;792
Paraná;480
Paraná;459
Paraná;941
Paraná;987
Paraná;291
Paraná;452
Paraná;38390
Paraná;492
Paraná;405
Paraná;14392
Paraná;450
Paraná;125
Paraná;1444
Paraná;388
Paraná;444
Paraná;3312
Paraná;370
Paraná;1059
Paraná;404
Paraná;215
Paraná;527
Paraná;1236
Paraná;18685
Paraná;646
Paraná;4371
Paraná;515
Paraná;2871
Paraná;424
Paraná;5833
Paraná;721
Paraná;464
Paraná;196
Paraná;1723
Paraná;3683
Paraná;868
Paraná;323
Paraná;772
Paraná;1070
Paraná;1112
Paraná;159
Paraná;6687
Paraná;785
Paraná;255
Paraná;1352
Paraná;710
Paraná;702
Paraná;1794
Paraná;3580
Paraná;242
Paraná;809
Paraná;2800
Paraná;418
Paraná;239
Paraná;426
Paraná;5417
Paraná;1782
Paraná;3790
Paraná;2617
Paraná;423
Paraná;495
Paraná;790
Paraná;789
Paraná;50
Paraná;1654
Paraná;767
Paraná;1705
Paraná;181
Paraná;758
Paraná;571
Paraná;1086
Paraná;3100
Paraná;293
Paraná;1796
Paraná;375
Paraná;343
Paraná;385
Paraná;1959
Paraná;490
Paraná;59189
Paraná;564
Paraná;295
Paraná;286
Paraná;616
Paraná;1006
Paraná;3275
Paraná;3786
Paraná;3141
Paraná;208
Paraná;1593
Paraná;1337
Paraná;5315
Paraná;474
Paraná;4559
Paraná;930
Paraná;494
Paraná;1163
Paraná;49117
Paraná;556
Paraná;540
Paraná;2020
Paraná;193
Paraná;598
Paraná;2725
Paraná;2964
Paraná;107
Paraná;762
Paraná;6233
Paraná;351
Paraná;123
Paraná;198
Paraná;1123
Paraná;638
Paraná;2041
Paraná;351
Paraná;442
Paraná;117
Paraná;380
Paraná;1233
Paraná;604
Paraná;1787
Paraná;566
Paraná;465
Paraná;771
Paraná;1228
Paraná;894
Paraná;747
Paraná;525
Paraná;666
Paraná;367
Paraná;192
Paraná;1823
Paraná;245
Paraná;750
Paraná;3975
Paraná;5967
Paraná;3462
Paraná;1051
Paraná;4588
Paraná;1872
Paraná;751
Paraná;20813
Paraná;220
Paraná;8652
Paraná;416
Paraná;8860
Paraná;457
Paraná;266
Paraná;1313
Paraná;668
Paraná;1175
Paraná;380
Paraná;1267
Paraná;15173
Paraná;120
Paraná;418
Paraná;1700
Paraná;2587
Paraná;11830
Paraná;2642
Paraná;328
Paraná;298
Paraná;1138
Paraná;37892
Paraná;2809
Paraná;1407
Paraná;418
Paraná;175
Paraná;319
Paraná;118
Paraná;143
Paraná;539
Paraná;561
Paraná;432
Paraná;2428
Paraná;222
Paraná;1131
Paraná;3093
Paraná;504
Paraná;3076
Paraná;1065
Paraná;533
Paraná;1594
Paraná;452
Paraná;300
Paraná;165
Paraná;1893
Paraná;1526
Paraná;681
Paraná;2676
Paraná;554
Paraná;955
Paraná;1259
Paraná;1218
Paraná;240
Paraná;823
Paraná;277
Paraná;5061
Paraná;1324
Paraná;6666
Paraná;700
Paraná;917
Paraná;380
Paraná;999
Paraná;453
Paraná;815
Paraná;1261
Paraná;343
Paraná;416
Paraná;677
Paraná;901
Paraná;3141
Paraná;141
Paraná;829
Paraná;973
Paraná;227
Paraná;690
Paraná;1092
Paraná;257
Paraná;1048
Paraná;2700
Paraná;723
Paraná;4744
Paraná;170
Paraná;253
Paraná;1504
Paraná;496
Paraná;986
Paraná;537
Paraná;1265
Paraná;471
Paraná;954
Paraná;379
Paraná;1037
Paraná;550
Paraná;862
Paraná;604
Paraná;309
Paraná;26071
Paraná;180
Paraná;2533
Paraná;3140
Paraná;569
Paraná;957
Paraná;163
Paraná;764
Paraná;503
Paraná;702
Paraná;9711
Paraná;681
Paraná;1829
Paraná;615
Paraná;545
Paraná;2283
Paraná;2719
Paraná;374
Paraná;872
Paraná;483
Paraná;1567
Paraná;497
Paraná;621
Paraná;13707
Paraná;2117
Paraná;651
Paraná;1571
Paraná;2340
Paraná;1715
Paraná;20751
Paraná;582
Paraná;1224
Paraná;612
Paraná;710
Paraná;763
Paraná;2071
Paraná;1248
Paraná;13215
Paraná;6408
Paraná;88
Paraná;618
Paraná;880
Paraná;932
Paraná;963
Paraná;221
Paraná;756
Paraná;1691
Paraná;402
Rio de Janeiro;13451
Rio de Janeiro;553
Rio de Janeiro;5740
Rio de Janeiro;1229
Rio de Janeiro;4345
Rio de Janeiro;695
Rio de Janeiro;5908
Rio de Janeiro;14959
Rio de Janeiro;20213
Rio de Janeiro;1525
Rio de Janeiro;3165
Rio de Janeiro;12536
Rio de Janeiro;2763
Rio de Janeiro;944
Rio de Janeiro;25880
Rio de Janeiro;2818
Rio de Janeiro;1481
Rio de Janeiro;1166
Rio de Janeiro;2088
Rio de Janeiro;4079
Rio de Janeiro;714
Rio de Janeiro;2003
Rio de Janeiro;2555
Rio de Janeiro;197
Rio de Janeiro;21569
Rio de Janeiro;1395
Rio de Janeiro;4700
Rio de Janeiro;4192
Rio de Janeiro;10183
Rio de Janeiro;5038
Rio de Janeiro;525
Rio de Janeiro;2329
Rio de Janeiro;6825
Rio de Janeiro;1759
Rio de Janeiro;1024
Rio de Janeiro;506
Rio de Janeiro;25012
Rio de Janeiro;982
Rio de Janeiro;11577
Rio de Janeiro;2640
Rio de Janeiro;8963
Rio de Janeiro;1875
Rio de Janeiro;3277
Rio de Janeiro;2434
Rio de Janeiro;2538
Rio de Janeiro;1065
Rio de Janeiro;3449
Rio de Janeiro;38936
Rio de Janeiro;19490
Rio de Janeiro;17707
Rio de Janeiro;2418
Rio de Janeiro;4588
Rio de Janeiro;2499
Rio de Janeiro;2498
Rio de Janeiro;11995
Rio de Janeiro;2783
Rio de Janeiro;3669
Rio de Janeiro;2102
Rio de Janeiro;1699
Rio de Janeiro;799
Rio de Janeiro;5549
Rio de Janeiro;2745
Rio de Janeiro;13032
Rio de Janeiro;5413
Rio de Janeiro;1446
Rio de Janeiro;171
Rio de Janeiro;11655
Rio de Janeiro;349605
Rio de Janeiro;236
Rio de Janeiro;4587
Rio de Janeiro;549
Rio de Janeiro;1569
Rio de Janeiro;48045
Rio de Janeiro;4069
Rio de Janeiro;9578
Rio de Janeiro;379
Rio de Janeiro;2037
Rio de Janeiro;4565
Rio de Janeiro;489
Rio de Janeiro;2825
Rio de Janeiro;2596
Rio de Janeiro;2179
Rio de Janeiro;1476
Rio de Janeiro;1060
Rio de Janeiro;3150
Rio de Janeiro;24424
Rio de Janeiro;586
Rio de Janeiro;9562
Rio de Janeiro;3364
Rio de Janeiro;2156
Rio de Janeiro;2260
Rio de Janeiro;30979
Rio Grande do Norte;1001
Rio Grande do Norte;6074
Rio Grande do Norte;687
Rio Grande do Norte;252
Rio Grande do Norte;1481
Rio Grande do Norte;415
Rio Grande do Norte;2044
Rio Grande do Norte;829
Rio Grande do Norte;632
Rio Grande do Norte;5787
Rio Grande do Norte;2380
Rio Grande do Norte;963
Rio Grande do Norte;341
Rio Grande do Norte;1099
Rio Grande do Norte;102
Rio Grande do Norte;148
Rio Grande do Norte;152
Rio Grande do Norte;765
Rio Grande do Norte;1239
Rio Grande do Norte;400
Rio Grande do Norte;267
Rio Grande do Norte;10453
Rio Grande do Norte;594
Rio Grande do Norte;618
Rio Grande do Norte;1406
Rio Grande do Norte;2285
Rio Grande do Norte;770
Rio Grande do Norte;1069
Rio Grande do Norte;2843
Rio Grande do Norte;361
Rio Grande do Norte;264
Rio Grande do Norte;440
Rio Grande do Norte;1398
Rio Grande do Norte;3296
Rio Grande do Norte;583
Rio Grande do Norte;612
Rio Grande do Norte;290
Rio Grande do Norte;583
Rio Grande do Norte;3368
Rio Grande do Norte;965
Rio Grande do Norte;388
Rio Grande do Norte;1375
Rio Grande do Norte;298
Rio Grande do Norte;711
Rio Grande do Norte;308
Rio Grande do Norte;2607
Rio Grande do Norte;1140
Rio Grande do Norte;1116
Rio Grande do Norte;1633
Rio Grande do Norte;340
Rio Grande do Norte;1144
Rio Grande do Norte;269
Rio Grande do Norte;602
Rio Grande do Norte;364
Rio Grande do Norte;751
Rio Grande do Norte;620
Rio Grande do Norte;575
Rio Grande do Norte;242
Rio Grande do Norte;274
Rio Grande do Norte;133
Rio Grande do Norte;2164
Rio Grande do Norte;1626
Rio Grande do Norte;2458
Rio Grande do Norte;156
Rio Grande do Norte;494
Rio Grande do Norte;2523
Rio Grande do Norte;546
Rio Grande do Norte;302
Rio Grande do Norte;312
Rio Grande do Norte;203
Rio Grande do Norte;707
Rio Grande do Norte;452
Rio Grande do Norte;809
Rio Grande do Norte;374
Rio Grande do Norte;484
Rio Grande do Norte;480
Rio Grande do Norte;4588
Rio Grande do Norte;1369
Rio Grande do Norte;219
Rio Grande do Norte;766
Rio Grande do Norte;362
Rio Grande do Norte;518
Rio Grande do Norte;394
Rio Grande do Norte;562
Rio Grande do Norte;1117
Rio Grande do Norte;180
Rio Grande do Norte;23297
Rio Grande do Norte;71566
Rio Grande do Norte;1989
Rio Grande do Norte;1604
Rio Grande do Norte;597
Rio Grande do Norte;461
Rio Grande do Norte;466
Rio Grande do Norte;567
Rio Grande do Norte;434
Rio Grande do Norte;2297
Rio Grande do Norte;25837
Rio Grande do Norte;1199
Rio Grande do Norte;245
Rio Grande do Norte;1432
Rio Grande do Norte;3712
Rio Grande do Norte;322
Rio Grande do Norte;141
Rio Grande do Norte;316
Rio Grande do Norte;694
Rio Grande do Norte;1051
Rio Grande do Norte;312
Rio Grande do Norte;847
Rio Grande do Norte;574
Rio Grande do Norte;394
Rio Grande do Norte;423
Rio Grande do Norte;477
Rio Grande do Norte;463
Rio Grande do Norte;261
Rio Grande do Norte;195
Rio Grande do Norte;647
Rio Grande do Norte;377
Rio Grande do Norte;337
Rio Grande do Norte;110
Rio Grande do Norte;3933
Rio Grande do Norte;332
Rio Grande do Norte;684
Rio Grande do Norte;246
Rio Grande do Norte;1955
Rio Grande do Norte;217
Rio Grande do Norte;162
Rio Grande do Norte;406
Rio Grande do Norte;338
Rio Grande do Norte;7454
Rio Grande do Norte;745
Rio Grande do Norte;4289
Rio Grande do Norte;860
Rio Grande do Norte;503
Rio Grande do Norte;2355
Rio Grande do Norte;551
Rio Grande do Norte;989
Rio Grande do Norte;440
Rio Grande do Norte;818
Rio Grande do Norte;1012
Rio Grande do Norte;691
Rio Grande do Norte;248
Rio Grande do Norte;237
Rio Grande do Norte;538
Rio Grande do Norte;168
Rio Grande do Norte;456
Rio Grande do Norte;1298
Rio Grande do Norte;581
Rio Grande do Norte;522
Rio Grande do Norte;553
Rio Grande do Norte;194
Rio Grande do Norte;172
Rio Grande do Norte;664
Rio Grande do Norte;507
Rio Grande do Norte;977
Rio Grande do Norte;690
Rio Grande do Norte;615
Rio Grande do Norte;1560
Rio Grande do Norte;319
Rio Grande do Norte;1047
Rio Grande do Norte;315
Rio Grande do Norte;928
Rio Grande do Norte;1081
Rio Grande do Norte;324
Rio Grande do Norte;267
Rio Grande do Norte;838
Rio Grande do Norte;333
Rio Grande do Norte;210
Rondônia;3814
Rondônia;1428
Rondônia;1784
Rondônia;1067
Rondônia;20834
Rondônia;4544
Rondônia;758
Rondônia;804
Rondônia;12970
Rondônia;1117
Rondônia;3695
Rondônia;258
Rondônia;2368
Rondônia;1355
Rondônia;2052
Rondônia;708
Rondônia;1559
Rondônia;1852
Rondônia;3116
Rondônia;605
Rondônia;5351
Rondônia;1334
Rondônia;7220
Rondônia;17453
Rondônia;6327
Rondônia;487
Rondônia;989
Rondônia;1613
Rondônia;1721
Rondônia;3217
Rondônia;824
Rondônia;588
Rondônia;4429
Rondônia;349
Rondônia;5848
Rondônia;410
Rondônia;80180
Rondônia;3280
Rondônia;171
Rondônia;564
Rondônia;6127
Rondônia;881
Rondônia;433
Rondônia;2044
Rondônia;2291
Rondônia;1302
Rondônia;518
Rondônia;765
Rondônia;1177
Rondônia;1101
Rondônia;750
Rondônia;12635
Roraima;1344
Roraima;1007
Roraima;82630
Roraima;2227
Roraima;2059
Roraima;2422
Roraima;1848
Roraima;1098
Roraima;2074
Roraima;472
Roraima;2169
Roraima;2894
Roraima;1325
Roraima;557
Roraima;1151
Rio Grande do Sul;319
Rio Grande do Sul;462
Rio Grande do Sul;1533
Rio Grande do Sul;980
Rio Grande do Sul;270
Rio Grande do Sul;8391
Rio Grande do Sul;346
Rio Grande do Sul;298
Rio Grande do Sul;305
Rio Grande do Sul;189
Rio Grande do Sul;245
Rio Grande do Sul;19465
Rio Grande do Sul;280
Rio Grande do Sul;638
Rio Grande do Sul;101
Rio Grande do Sul;576
Rio Grande do Sul;2394
Rio Grande do Sul;175
Rio Grande do Sul;973
Rio Grande do Sul;362
Rio Grande do Sul;2905
Rio Grande do Sul;173
Rio Grande do Sul;1030
Rio Grande do Sul;1048
Rio Grande do Sul;889
Rio Grande do Sul;1721
Rio Grande do Sul;773
Rio Grande do Sul;674
Rio Grande do Sul;212
Rio Grande do Sul;8930
Rio Grande do Sul;672
Rio Grande do Sul;554
Rio Grande do Sul;657
Rio Grande do Sul;412
Rio Grande do Sul;111
Rio Grande do Sul;361
Rio Grande do Sul;1017
Rio Grande do Sul;93
Rio Grande do Sul;498
Rio Grande do Sul;408
Rio Grande do Sul;622
Rio Grande do Sul;154
Rio Grande do Sul;16335
Rio Grande do Sul;175
Rio Grande do Sul;720
Rio Grande do Sul;144
Rio Grande do Sul;248
Rio Grande do Sul;286
Rio Grande do Sul;799
Rio Grande do Sul;1709
Rio Grande do Sul;117
Rio Grande do Sul;957
Rio Grande do Sul;562
Rio Grande do Sul;388
Rio Grande do Sul;229
Rio Grande do Sul;317
Rio Grande do Sul;402
Rio Grande do Sul;1885
Rio Grande do Sul;3210
Rio Grande do Sul;455
Rio Grande do Sul;8782
Rio Grande do Sul;13237
Rio Grande do Sul;484
Rio Grande do Sul;218
Rio Grande do Sul;531
Rio Grande do Sul;6354
Rio Grande do Sul;358
Rio Grande do Sul;294
Rio Grande do Sul;189
Rio Grande do Sul;535
Rio Grande do Sul;559
Rio Grande do Sul;9423
Rio Grande do Sul;501
Rio Grande do Sul;433
Rio Grande do Sul;3171
Rio Grande do Sul;482
Rio Grande do Sul;1040
Rio Grande do Sul;5695
Rio Grande do Sul;2916
Rio Grande do Sul;38526
Rio Grande do Sul;107
Rio Grande do Sul;210
Rio Grande do Sul;7530
Rio Grande do Sul;218
Rio Grande do Sul;1218
Rio Grande do Sul;1115
Rio Grande do Sul;401
Rio Grande do Sul;784
Rio Grande do Sul;758
Rio Grande do Sul;8538
Rio Grande do Sul;3687
Rio Grande do Sul;153
Rio Grande do Sul;1159
Rio Grande do Sul;354
Rio Grande do Sul;870
Rio Grande do Sul;49657
Rio Grande do Sul;180
Rio Grande do Sul;238
Rio Grande do Sul;267
Rio Grande do Sul;233
Rio Grande do Sul;687
Rio Grande do Sul;1357
Rio Grande do Sul;1141
Rio Grande do Sul;4524
Rio Grande do Sul;290
Rio Grande do Sul;383
Rio Grande do Sul;382
Rio Grande do Sul;118
Rio Grande do Sul;1340
Rio Grande do Sul;645
Rio Grande do Sul;536
Rio Grande do Sul;515
Rio Grande do Sul;854
Rio Grande do Sul;1241
Rio Grande do Sul;144
Rio Grande do Sul;117
Rio Grande do Sul;359
Rio Grande do Sul;682
Rio Grande do Sul;103
Rio Grande do Sul;603
Rio Grande do Sul;294
Rio Grande do Sul;524
Rio Grande do Sul;743
Rio Grande do Sul;137
Rio Grande do Sul;7665
Rio Grande do Sul;121
Rio Grande do Sul;1194
Rio Grande do Sul;613
Rio Grande do Sul;274
Rio Grande do Sul;48
Rio Grande do Sul;163
Rio Grande do Sul;3734
Rio Grande do Sul;188
Rio Grande do Sul;393
Rio Grande do Sul;452
Rio Grande do Sul;3420
Rio Grande do Sul;280
Rio Grande do Sul;86
Rio Grande do Sul;293
Rio Grande do Sul;330
Rio Grande do Sul;4643
Rio Grande do Sul;2288
Rio Grande do Sul;1949
Rio Grande do Sul;101
Rio Grande do Sul;199
Rio Grande do Sul;1308
Rio Grande do Sul;255
Rio Grande do Sul;12045
Rio Grande do Sul;205
Rio Grande do Sul;269
Rio Grande do Sul;506
Rio Grande do Sul;203
Rio Grande do Sul;243
Rio Grande do Sul;2009
Rio Grande do Sul;786
Rio Grande do Sul;5307
Rio Grande do Sul;10041
Rio Grande do Sul;3533
Rio Grande do Sul;179
Rio Grande do Sul;300
Rio Grande do Sul;400
Rio Grande do Sul;6537
Rio Grande do Sul;503
Rio Grande do Sul;244
Rio Grande do Sul;355
Rio Grande do Sul;1972
Rio Grande do Sul;3383
Rio Grande do Sul;127
Rio Grande do Sul;738
Rio Grande do Sul;403
Rio Grande do Sul;184
Rio Grande do Sul;565
Rio Grande do Sul;4509
Rio Grande do Sul;4498
Rio Grande do Sul;124
Rio Grande do Sul;416
Rio Grande do Sul;652
Rio Grande do Sul;159
Rio Grande do Sul;2142
Rio Grande do Sul;1491
Rio Grande do Sul;525
Rio Grande do Sul;7927
Rio Grande do Sul;200
Rio Grande do Sul;304
Rio Grande do Sul;19454
Rio Grande do Sul;195
Rio Grande do Sul;7071
Rio Grande do Sul;3663
Rio Grande do Sul;348
Rio Grande do Sul;524
Rio Grande do Sul;367
Rio Grande do Sul;185
Rio Grande do Sul;2093
Rio Grande do Sul;340
Rio Grande do Sul;178
Rio Grande do Sul;225
Rio Grande do Sul;631
Rio Grande do Sul;1011
Rio Grande do Sul;314
Rio Grande do Sul;4286
Rio Grande do Sul;3147
Rio Grande do Sul;9917
Rio Grande do Sul;301
Rio Grande do Sul;3081
Rio Grande do Sul;278
Rio Grande do Sul;478
Rio Grande do Sul;66
Rio Grande do Sul;795
Rio Grande do Sul;126
Rio Grande do Sul;458
Rio Grande do Sul;448
Rio Grande do Sul;60
Rio Grande do Sul;182
Rio Grande do Sul;3257
Rio Grande do Sul;68
Rio Grande do Sul;203
Rio Grande do Sul;48
Rio Grande do Sul;2901
Rio Grande do Sul;206
Rio Grande do Sul;105
Rio Grande do Sul;310
Rio Grande do Sul;2491
Rio Grande do Sul;734
Rio Grande do Sul;523
Rio Grande do Sul;143
Rio Grande do Sul;702
Rio Grande do Sul;1812
Rio Grande do Sul;33
Rio Grande do Sul;233
Rio Grande do Sul;3600
Rio Grande do Sul;478
Rio Grande do Sul;13421
Rio Grande do Sul;245
Rio Grande do Sul;299
Rio Grande do Sul;356
Rio Grande do Sul;799
Rio Grande do Sul;168
Rio Grande do Sul;364
Rio Grande do Sul;635
Rio Grande do Sul;396
Rio Grande do Sul;419
Rio Grande do Sul;636
Rio Grande do Sul;227
Rio Grande do Sul;6546
Rio Grande do Sul;195
Rio Grande do Sul;203
Rio Grande do Sul;183
Rio Grande do Sul;284
Rio Grande do Sul;373
Rio Grande do Sul;343
Rio Grande do Sul;741
Rio Grande do Sul;60
Rio Grande do Sul;499
Rio Grande do Sul;485
Rio Grande do Sul;515
Rio Grande do Sul;246
Rio Grande do Sul;72
Rio Grande do Sul;215
Rio Grande do Sul;8102
Rio Grande do Sul;319
Rio Grande do Sul;351
Rio Grande do Sul;263
Rio Grande do Sul;692
Rio Grande do Sul;574
Rio Grande do Sul;736
Rio Grande do Sul;120
Rio Grande do Sul;200
Rio Grande do Sul;2372
Rio Grande do Sul;77
Rio Grande do Sul;1644
Rio Grande do Sul;596
Rio Grande do Sul;1028
Rio Grande do Sul;1622
Rio Grande do Sul;288
Rio Grande do Sul;435
Rio Grande do Sul;309
Rio Grande do Sul;853
Rio Grande do Sul;2313
Rio Grande do Sul;321
Rio Grande do Sul;493
Rio Grande do Sul;2782
Rio Grande do Sul;2392
Rio Grande do Sul;204
Rio Grande do Sul;321
Rio Grande do Sul;1249
Rio Grande do Sul;770
Rio Grande do Sul;478
Rio Grande do Sul;25407
Rio Grande do Sul;147
Rio Grande do Sul;81
Rio Grande do Sul;170
Rio Grande do Sul;8406
Rio Grande do Sul;479
Rio Grande do Sul;1097
Rio Grande do Sul;3677
Rio Grande do Sul;793
Rio Grande do Sul;5467
Rio Grande do Sul;896
Rio Grande do Sul;1241
Rio Grande do Sul;535
Rio Grande do Sul;537
Rio Grande do Sul;7118
Rio Grande do Sul;238
Rio Grande do Sul;554
Rio Grande do Sul;30409
Rio Grande do Sul;200
Rio Grande do Sul;543
Rio Grande do Sul;96
Rio Grande do Sul;592
Rio Grande do Sul;381
Rio Grande do Sul;29486
Rio Grande do Sul;392
Rio Grande do Sul;228
Rio Grande do Sul;181
Rio Grande do Sul;149
Rio Grande do Sul;294
Rio Grande do Sul;1103
Rio Grande do Sul;239
Rio Grande do Sul;142
Rio Grande do Sul;767
Rio Grande do Sul;565
Rio Grande do Sul;243
Rio Grande do Sul;302
Rio Grande do Sul;144
Rio Grande do Sul;2573
Rio Grande do Sul;130706
Rio Grande do Sul;267
Rio Grande do Sul;173
Rio Grande do Sul;107
Rio Grande do Sul;1641
Rio Grande do Sul;143
Rio Grande do Sul;416
Rio Grande do Sul;564
Rio Grande do Sul;86
Rio Grande do Sul;603
Rio Grande do Sul;1818
Rio Grande do Sul;89
Rio Grande do Sul;185
Rio Grande do Sul;539
Rio Grande do Sul;890
Rio Grande do Sul;157
Rio Grande do Sul;1097
Rio Grande do Sul;236
Rio Grande do Sul;16220
Rio Grande do Sul;1879
Rio Grande do Sul;498
Rio Grande do Sul;944
Rio Grande do Sul;401
Rio Grande do Sul;200
Rio Grande do Sul;3326
Rio Grande do Sul;1055
Rio Grande do Sul;630
Rio Grande do Sul;590
Rio Grande do Sul;3438
Rio Grande do Sul;418
Rio Grande do Sul;330
Rio Grande do Sul;967
Rio Grande do Sul;314
Rio Grande do Sul;623
Rio Grande do Sul;2660
Rio Grande do Sul;8772
Rio Grande do Sul;1101
Rio Grande do Sul;507
Rio Grande do Sul;469
Rio Grande do Sul;15107
Rio Grande do Sul;111
Rio Grande do Sul;31534
Rio Grande do Sul;579
Rio Grande do Sul;11951
Rio Grande do Sul;202
Rio Grande do Sul;2824
Rio Grande do Sul;192
Rio Grande do Sul;5556
Rio Grande do Sul;5831
Rio Grande do Sul;4839
Rio Grande do Sul;216
Rio Grande do Sul;140
Rio Grande do Sul;139
Rio Grande do Sul;1225
Rio Grande do Sul;1294
Rio Grande do Sul;164
Rio Grande do Sul;8640
Rio Grande do Sul;422
Rio Grande do Sul;1306
Rio Grande do Sul;1496
Rio Grande do Sul;7354
Rio Grande do Sul;1006
Rio Grande do Sul;796
Rio Grande do Sul;359
Rio Grande do Sul;361
Rio Grande do Sul;282
Rio Grande do Sul;139
Rio Grande do Sul;539
Rio Grande do Sul;433
Rio Grande do Sul;725
Rio Grande do Sul;868
Rio Grande do Sul;229
Rio Grande do Sul;573
Rio Grande do Sul;21907
Rio Grande do Sul;2584
Rio Grande do Sul;3369
Rio Grande do Sul;2689
Rio Grande do Sul;671
Rio Grande do Sul;81
Rio Grande do Sul;677
Rio Grande do Sul;46
Rio Grande do Sul;508
Rio Grande do Sul;265
Rio Grande do Sul;270
Rio Grande do Sul;321
Rio Grande do Sul;1371
Rio Grande do Sul;2980
Rio Grande do Sul;1098
Rio Grande do Sul;228
Rio Grande do Sul;267
Rio Grande do Sul;108
Rio Grande do Sul;292
Rio Grande do Sul;384
Rio Grande do Sul;11750
Rio Grande do Sul;12638
Rio Grande do Sul;3279
Rio Grande do Sul;1957
Rio Grande do Sul;221
Rio Grande do Sul;590
Rio Grande do Sul;656
Rio Grande do Sul;321
Rio Grande do Sul;441
Rio Grande do Sul;2403
Rio Grande do Sul;190
Rio Grande do Sul;582
Rio Grande do Sul;578
Rio Grande do Sul;90
Rio Grande do Sul;343
Rio Grande do Sul;165
Rio Grande do Sul;814
Rio Grande do Sul;1412
Rio Grande do Sul;3285
Rio Grande do Sul;515
Rio Grande do Sul;4240
Rio Grande do Sul;1359
Rio Grande do Sul;756
Rio Grande do Sul;4982
Rio Grande do Sul;3092
Rio Grande do Sul;495
Rio Grande do Sul;168
Rio Grande do Sul;1510
Rio Grande do Sul;387
Rio Grande do Sul;4274
Rio Grande do Sul;361
Rio Grande do Sul;213
Rio Grande do Sul;299
Rio Grande do Sul;5513
Rio Grande do Sul;5631
Rio Grande do Sul;182
Rio Grande do Sul;165
Rio Grande do Sul;1073
Rio Grande do Sul;2708
Rio Grande do Sul;2770
Rio Grande do Sul;386
Rio Grande do Sul;492
Rio Grande do Sul;2462
Rio Grande do Sul;745
Rio Grande do Sul;1813
Rio Grande do Sul;701
Rio Grande do Sul;221
Rio Grande do Sul;79
Rio Grande do Sul;2248
Rio Grande do Sul;556
Rio Grande do Sul;1010
Rio Grande do Sul;193
Rio Grande do Sul;75
Rio Grande do Sul;64
Rio Grande do Sul;140
Rio Grande do Sul;9786
Rio Grande do Sul;7019
Rio Grande do Sul;573
Rio Grande do Sul;605
Rio Grande do Sul;190
Rio Grande do Sul;286
Rio Grande do Sul;8983
Rio Grande do Sul;2652
Rio Grande do Sul;3536
Rio Grande do Sul;231
Rio Grande do Sul;339
Rio Grande do Sul;8188
Rio Grande do Sul;176
Rio Grande do Sul;356
Rio Grande do Sul;645
Rio Grande do Sul;257
Rio Grande do Sul;606
Rio Grande do Sul;187
Rio Grande do Sul;258
Rio Grande do Sul;95
Rio Grande do Sul;221
Rio Grande do Sul;277
Rio Grande do Sul;312
Rio Grande do Sul;880
Santa Catarina;394
Santa Catarina;1427
Santa Catarina;1468
Santa Catarina;616
Santa Catarina;1190
Santa Catarina;432
Santa Catarina;497
Santa Catarina;703
Santa Catarina;661
Santa Catarina;168
Santa Catarina;629
Santa Catarina;507
Santa Catarina;1136
Santa Catarina;315
Santa Catarina;1534
Santa Catarina;809
Santa Catarina;395
Santa Catarina;3438
Santa Catarina;9849
Santa Catarina;1373
Santa Catarina;577
Santa Catarina;291
Santa Catarina;1127
Santa Catarina;414
Santa Catarina;786
Santa Catarina;1966
Santa Catarina;1378
Santa Catarina;23603
Santa Catarina;1217
Santa Catarina;4499
Santa Catarina;1319
Santa Catarina;302
Santa Catarina;173
Santa Catarina;3953
Santa Catarina;79
Santa Catarina;249
Santa Catarina;983
Santa Catarina;10707
Santa Catarina;49273
Santa Catarina;370
Santa Catarina;585
Santa Catarina;396
Santa Catarina;181
Santa Catarina;717
Santa Catarina;3378
Santa Catarina;880
Santa Catarina;7930
Santa Catarina;602
Santa Catarina;262
Santa Catarina;25834
Santa Catarina;5587
Santa Catarina;595
Santa Catarina;34
Santa Catarina;11966
Santa Catarina;1194
Santa Catarina;739
Santa Catarina;1082
Santa Catarina;5488
Santa Catarina;1244
Santa Catarina;5999
Santa Catarina;154
Santa Catarina;4590
Santa Catarina;4222
Santa Catarina;1787
Santa Catarina;498
Santa Catarina;416
Santa Catarina;142
Santa Catarina;333
Santa Catarina;34742
Santa Catarina;3231
Santa Catarina;13394
Santa Catarina;555
Santa Catarina;1585
Santa Catarina;183
Santa Catarina;1253
Santa Catarina;1679
Santa Catarina;35023
Santa Catarina;908
Santa Catarina;191
Santa Catarina;4450
Santa Catarina;864
Santa Catarina;1770
Santa Catarina;460
Santa Catarina;412
Santa Catarina;644
Santa Catarina;335
Santa Catarina;778
Santa Catarina;1688
Santa Catarina;137
Santa Catarina;76190
Santa Catarina;360
Santa Catarina;5204
Santa Catarina;4407
Santa Catarina;318
Santa Catarina;364
Santa Catarina;3165
Santa Catarina;1935
Santa Catarina;7886
Santa Catarina;2460
Santa Catarina;1192
Santa Catarina;2090
Santa Catarina;3415
Santa Catarina;1519
Santa Catarina;6214
Santa Catarina;488
Santa Catarina;761
Santa Catarina;4145
Santa Catarina;208
Santa Catarina;483
Santa Catarina;1494
Santa Catarina;6649
Santa Catarina;1736
Santa Catarina;1023
Santa Catarina;6532
Santa Catarina;569
Santa Catarina;9016
Santa Catarina;280
Santa Catarina;406
Santa Catarina;591
Santa Catarina;1020
Santa Catarina;748
Santa Catarina;424
Santa Catarina;1528
Santa Catarina;284
Santa Catarina;689
Santa Catarina;955
Santa Catarina;2520
Santa Catarina;30148
Santa Catarina;11570
Santa Catarina;2038
Santa Catarina;3156
Santa Catarina;3131
Santa Catarina;890
Santa Catarina;1291
Santa Catarina;3146
Santa Catarina;28717
Santa Catarina;361
Santa Catarina;5934
Santa Catarina;93010
Santa Catarina;586
Santa Catarina;256
Santa Catarina;427
Santa Catarina;25090
Santa Catarina;4990
Santa Catarina;231
Santa Catarina;1049
Santa Catarina;2252
Santa Catarina;1047
Santa Catarina;256
Santa Catarina;876
Santa Catarina;1069
Santa Catarina;1947
Santa Catarina;982
Santa Catarina;135
Santa Catarina;4762
Santa Catarina;333
Santa Catarina;444
Santa Catarina;1091
Santa Catarina;4359
Santa Catarina;241
Santa Catarina;2312
Santa Catarina;163
Santa Catarina;1129
Santa Catarina;298
Santa Catarina;379
Santa Catarina;972
Santa Catarina;1169
Santa Catarina;786
Santa Catarina;3221
Santa Catarina;522
Santa Catarina;8828
Santa Catarina;621
Santa Catarina;384
Santa Catarina;1800
Santa Catarina;2677
Santa Catarina;172
Santa Catarina;4816
Santa Catarina;3238
Santa Catarina;1507
Santa Catarina;317
Santa Catarina;205
Santa Catarina;160
Santa Catarina;27296
Santa Catarina;916
Santa Catarina;307
Santa Catarina;1619
Santa Catarina;918
Santa Catarina;69
Santa Catarina;1145
Santa Catarina;291
Santa Catarina;1227
Santa Catarina;676
Santa Catarina;5037
Santa Catarina;404
Santa Catarina;1706
Santa Catarina;651
Santa Catarina;3110
Santa Catarina;521
Santa Catarina;550
Santa Catarina;263
Santa Catarina;4865
Santa Catarina;509
Santa Catarina;291
Santa Catarina;1197
Santa Catarina;2670
Santa Catarina;3915
Santa Catarina;1667
Santa Catarina;1085
Santa Catarina;431
Santa Catarina;1668
Santa Catarina;119
Santa Catarina;371
Santa Catarina;1425
Santa Catarina;418
Santa Catarina;520
Santa Catarina;538
Santa Catarina;699
Santa Catarina;8479
Santa Catarina;931
Santa Catarina;738
Santa Catarina;4924
Santa Catarina;223
Santa Catarina;487
Santa Catarina;1437
Santa Catarina;363
Santa Catarina;761
Santa Catarina;220
Santa Catarina;658
Santa Catarina;1723
Santa Catarina;1231
Santa Catarina;83
Santa Catarina;300
Santa Catarina;1156
Santa Catarina;369
Santa Catarina;297
Santa Catarina;139
Santa Catarina;3594
Santa Catarina;8028
Santa Catarina;306
Santa Catarina;449
Santa Catarina;750
Santa Catarina;166
Santa Catarina;1104
Santa Catarina;6620
Santa Catarina;4504
Santa Catarina;612
Santa Catarina;471
Santa Catarina;973
Santa Catarina;2769
Santa Catarina;33308
Santa Catarina;1674
Santa Catarina;654
Santa Catarina;901
Santa Catarina;2766
Santa Catarina;730
Santa Catarina;258
Santa Catarina;4683
Santa Catarina;719
Santa Catarina;914
Santa Catarina;3171
Santa Catarina;2597
Santa Catarina;274
Santa Catarina;1186
Santa Catarina;3443
Santa Catarina;496
Santa Catarina;2096
Santa Catarina;1305
Santa Catarina;305
Santa Catarina;6224
Santa Catarina;833
Santa Catarina;6519
Santa Catarina;694
Santa Catarina;1997
Santa Catarina;778
Santa Catarina;1111
Santa Catarina;875
Santa Catarina;1141
Santa Catarina;19561
Santa Catarina;1006
Santa Catarina;1943
Santa Catarina;341
Santa Catarina;717
Santa Catarina;228
Santa Catarina;3460
Santa Catarina;302
Santa Catarina;488
Santa Catarina;758
Santa Catarina;494
Santa Catarina;9766
Santa Catarina;370
Santa Catarina;281
Santa Catarina;9285
Santa Catarina;358
Santa Catarina;4002
Santa Catarina;791
Sergipe;215
Sergipe;2110
Sergipe;114897
Sergipe;1163
Sergipe;1830
Sergipe;6591
Sergipe;2415
Sergipe;410
Sergipe;2001
Sergipe;293
Sergipe;2009
Sergipe;2390
Sergipe;2079
Sergipe;916
Sergipe;923
Sergipe;550
Sergipe;274
Sergipe;824
Sergipe;6856
Sergipe;225
Sergipe;1501
Sergipe;436
Sergipe;348
Sergipe;451
Sergipe;353
Sergipe;417
Sergipe;11733
Sergipe;2627
Sergipe;157
Sergipe;2817
Sergipe;1233
Sergipe;357
Sergipe;7087
Sergipe;1710
Sergipe;589
Sergipe;275
Sergipe;1004
Sergipe;1049
Sergipe;1098
Sergipe;730
Sergipe;268
Sergipe;1231
Sergipe;712
Sergipe;2566
Sergipe;1912
Sergipe;390
Sergipe;16780
Sergipe;746
Sergipe;238
Sergipe;605
Sergipe;282
Sergipe;647
Sergipe;967
Sergipe;1814
Sergipe;1524
Sergipe;3077
Sergipe;1384
Sergipe;691
Sergipe;1525
Sergipe;798
Sergipe;1501
Sergipe;691
Sergipe;336
Sergipe;565
Sergipe;600
Sergipe;9191
Sergipe;810
Sergipe;297
Sergipe;393
Sergipe;2882
Sergipe;782
Sergipe;356
Sergipe;4037
Sergipe;1003
Sergipe;1946
São Paulo;3057
São Paulo;460
São Paulo;2687
São Paulo;534
São Paulo;1707
São Paulo;392
São Paulo;288
São Paulo;3515
São Paulo;508
São Paulo;235
São Paulo;169
São Paulo;807
São Paulo;332
São Paulo;1348
São Paulo;443
São Paulo;1798
São Paulo;148
São Paulo;136
São Paulo;19984
São Paulo;3611
São Paulo;848
São Paulo;5788
São Paulo;305
São Paulo;5731
São Paulo;2437
São Paulo;240
São Paulo;206
São Paulo;2192
São Paulo;714
São Paulo;1249
São Paulo;1541
São Paulo;24380
São Paulo;2325
São Paulo;298
São Paulo;448
São Paulo;202
São Paulo;19610
São Paulo;14846
São Paulo;132
São Paulo;862
São Paulo;289
São Paulo;1144
São Paulo;622
São Paulo;4206
São Paulo;6924
São Paulo;134
São Paulo;10051
São Paulo;10049
São Paulo;1802
São Paulo;355
São Paulo;847
São Paulo;8972
São Paulo;3006
São Paulo;340
São Paulo;1497
São Paulo;954
São Paulo;368
São Paulo;457
São Paulo;2520
São Paulo;3013
São Paulo;283
São Paulo;565
São Paulo;13563
São Paulo;1482
São Paulo;27465
São Paulo;1288
São Paulo;2792
São Paulo;43084
São Paulo;3636
São Paulo;301
São Paulo;637
São Paulo;5327
São Paulo;828
São Paulo;13687
São Paulo;1310
São Paulo;1000
São Paulo;1212
São Paulo;687
São Paulo;5267
São Paulo;1948
São Paulo;154
São Paulo;104
São Paulo;865
São Paulo;1409
São Paulo;214
São Paulo;12941
São Paulo;15898
São Paulo;485
São Paulo;342
São Paulo;2565
São Paulo;655
São Paulo;2320
São Paulo;2182
São Paulo;262
São Paulo;366
São Paulo;3423
São Paulo;7496
São Paulo;2312
São Paulo;1223
São Paulo;703
São Paulo;100
São Paulo;7588
São Paulo;316
São Paulo;4233
São Paulo;3117
São Paulo;888
São Paulo;1027
São Paulo;511
São Paulo;88844
São Paulo;4723
São Paulo;4365
São Paulo;272
São Paulo;678
São Paulo;196
São Paulo;3794
São Paulo;126
São Paulo;745
São Paulo;4496
São Paulo;1332
São Paulo;4032
São Paulo;15480
São Paulo;28222
São Paulo;897
São Paulo;2427
São Paulo;202
São Paulo;1968
São Paulo;11972
São Paulo;732
São Paulo;962
São Paulo;1441
São Paulo;5093
São Paulo;1690
São Paulo;1147
São Paulo;877
São Paulo;850
São Paulo;1202
São Paulo;511
São Paulo;2050
São Paulo;2002
São Paulo;4256
São Paulo;551
São Paulo;432
São Paulo;373
São Paulo;6414
São Paulo;611
São Paulo;12565
São Paulo;1660
São Paulo;1008
São Paulo;149
São Paulo;5596
São Paulo;12153
São Paulo;769
São Paulo;3123
São Paulo;23158
São Paulo;153
São Paulo;1188
São Paulo;509
São Paulo;1377
São Paulo;174
São Paulo;667
São Paulo;4813
São Paulo;818
São Paulo;1137
São Paulo;694
São Paulo;1145
São Paulo;1186
São Paulo;465
São Paulo;98
São Paulo;9028
São Paulo;4474
São Paulo;343
São Paulo;2259
São Paulo;4146
São Paulo;278
São Paulo;668
São Paulo;1150
São Paulo;294
São Paulo;301
São Paulo;1150
São Paulo;764
São Paulo;8811
São Paulo;196
São Paulo;9175
São Paulo;115
São Paulo;185
São Paulo;1145
São Paulo;272
São Paulo;29289
São Paulo;9959
São Paulo;10840
São Paulo;232
São Paulo;441
São Paulo;4005
São Paulo;155
São Paulo;1181
São Paulo;832
São Paulo;954
São Paulo;376
São Paulo;1232
São Paulo;470
São Paulo;4217
São Paulo;1749
São Paulo;1969
São Paulo;1644
São Paulo;714
São Paulo;936
São Paulo;153
São Paulo;255
São Paulo;3447
São Paulo;1716
São Paulo;7597
São Paulo;3014
São Paulo;3652
São Paulo;19915
São Paulo;55955
São Paulo;326
São Paulo;456
São Paulo;891
São Paulo;1682
São Paulo;18132
São Paulo;1181
São Paulo;327
São Paulo;261
São Paulo;3150
São Paulo;1527
São Paulo;620
São Paulo;8787
São Paulo;4096
São Paulo;1048
São Paulo;801
São Paulo;1778
São Paulo;1265
São Paulo;1871
São Paulo;2184
São Paulo;1138
São Paulo;2262
São Paulo;6475
São Paulo;21380
São Paulo;216
São Paulo;287
São Paulo;415
São Paulo;1766
São Paulo;2421
São Paulo;581
São Paulo;898
São Paulo;392
São Paulo;1552
São Paulo;3974
São Paulo;807
São Paulo;639
São Paulo;2050
São Paulo;2278
São Paulo;1906
São Paulo;488
São Paulo;5220
São Paulo;235
São Paulo;7119
São Paulo;14634
São Paulo;7021
São Paulo;10401
São Paulo;6845
São Paulo;505
São Paulo;4932
São Paulo;1283
São Paulo;1260
São Paulo;230
São Paulo;16180
São Paulo;5241
São Paulo;1178
São Paulo;9191
São Paulo;2230
São Paulo;1293
São Paulo;264
São Paulo;542
São Paulo;15890
São Paulo;5242
São Paulo;1476
São Paulo;482
São Paulo;6307
São Paulo;20859
São Paulo;800
São Paulo;1497
São Paulo;4669
São Paulo;5523
São Paulo;334
São Paulo;6371
São Paulo;3540
São Paulo;2183
São Paulo;7956
São Paulo;240
São Paulo;918
São Paulo;553
São Paulo;4809
São Paulo;185
São Paulo;414
São Paulo;42009
São Paulo;1502
São Paulo;1611
São Paulo;1705
São Paulo;183
São Paulo;3806
São Paulo;833
São Paulo;283
São Paulo;11056
São Paulo;10992
São Paulo;15821
São Paulo;654
São Paulo;8160
São Paulo;4358
São Paulo;234
São Paulo;3648
São Paulo;1403
São Paulo;174
São Paulo;1603
São Paulo;208
São Paulo;244
São Paulo;191
São Paulo;2563
São Paulo;608
São Paulo;327
São Paulo;202
São Paulo;3468
São Paulo;6059
São Paulo;724
São Paulo;87
São Paulo;1779
São Paulo;413
São Paulo;200
São Paulo;24565
São Paulo;172
São Paulo;1147
São Paulo;4410
São Paulo;23926
São Paulo;774
São Paulo;294
São Paulo;143
São Paulo;976
São Paulo;1141
São Paulo;306
São Paulo;1937
São Paulo;1867
São Paulo;775
São Paulo;7519
São Paulo;433
São Paulo;5140
São Paulo;26570
São Paulo;14985
São Paulo;8561
São Paulo;366
São Paulo;215
São Paulo;1452
São Paulo;534
São Paulo;4661
São Paulo;2559
São Paulo;2057
São Paulo;503
São Paulo;4903
São Paulo;220
São Paulo;4244
São Paulo;904
São Paulo;327
São Paulo;327
São Paulo;193
São Paulo;742
São Paulo;167
São Paulo;1325
São Paulo;1177
São Paulo;1107
São Paulo;431
São Paulo;944
São Paulo;712
São Paulo;193
São Paulo;56
São Paulo;675
São Paulo;2620
São Paulo;197
São Paulo;370
São Paulo;305
São Paulo;5317
São Paulo;284
São Paulo;4825
São Paulo;340
São Paulo;327
São Paulo;89
São Paulo;8599
São Paulo;763
São Paulo;297
São Paulo;1198
São Paulo;4022
São Paulo;37642
São Paulo;259
São Paulo;3424
São Paulo;11408
São Paulo;471
São Paulo;1058
São Paulo;1102
São Paulo;599
São Paulo;1251
São Paulo;638
São Paulo;2400
São Paulo;1121
São Paulo;3926
São Paulo;1127
São Paulo;434
São Paulo;1618
São Paulo;381
São Paulo;1127
São Paulo;679
São Paulo;2093
São Paulo;373
São Paulo;840
São Paulo;425
São Paulo;12985
São Paulo;125
São Paulo;599
São Paulo;3742
São Paulo;173
São Paulo;199
São Paulo;265
São Paulo;3314
São Paulo;375
São Paulo;373
São Paulo;5740
São Paulo;1955
São Paulo;944
São Paulo;5696
São Paulo;607
São Paulo;3960
São Paulo;2454
São Paulo;10073
São Paulo;1156
São Paulo;713
São Paulo;203
São Paulo;310
São Paulo;2796
São Paulo;52034
São Paulo;1570
São Paulo;1909
São Paulo;1443
São Paulo;1379
São Paulo;2289
São Paulo;7729
São Paulo;762
São Paulo;4445
São Paulo;546
São Paulo;276
São Paulo;6600
São Paulo;632
São Paulo;834
São Paulo;273
São Paulo;4715
São Paulo;178
São Paulo;291
São Paulo;173
São Paulo;767
São Paulo;6706
São Paulo;5304
São Paulo;1611
São Paulo;2424
São Paulo;172
São Paulo;1672
São Paulo;18123
São Paulo;695
São Paulo;248
São Paulo;1125
São Paulo;2535
São Paulo;25114
São Paulo;2765
São Paulo;4755
São Paulo;157
São Paulo;1075
São Paulo;303
São Paulo;892
São Paulo;482
São Paulo;877
São Paulo;3562
São Paulo;98
São Paulo;603
São Paulo;282
São Paulo;5805
São Paulo;491
São Paulo;327
São Paulo;809
São Paulo;1328
São Paulo;253
São Paulo;540
São Paulo;69
São Paulo;357
São Paulo;7595
São Paulo;63287
São Paulo;375
São Paulo;413
São Paulo;343
São Paulo;11011
São Paulo;2785
São Paulo;1935
São Paulo;1686
São Paulo;473
São Paulo;1080
São Paulo;1309
São Paulo;143
São Paulo;338
São Paulo;263
São Paulo;196
São Paulo;414
São Paulo;1594
São Paulo;514
São Paulo;294
São Paulo;716
São Paulo;9348
São Paulo;3433
São Paulo;726
São Paulo;275
São Paulo;1383
São Paulo;570
São Paulo;17694
São Paulo;917
São Paulo;210
São Paulo;551
São Paulo;179
São Paulo;3448
São Paulo;5073
São Paulo;488
São Paulo;3773
São Paulo;3192
São Paulo;5294
São Paulo;603
São Paulo;617
São Paulo;160
São Paulo;250
São Paulo;1486
São Paulo;1917
São Paulo;174
São Paulo;43
São Paulo;12505
São Paulo;1272
São Paulo;55797
São Paulo;695
São Paulo;2588
São Paulo;528
São Paulo;436
São Paulo;526
São Paulo;155
São Paulo;483
São Paulo;53317
São Paulo;623
São Paulo;64918
São Paulo;16404
São Paulo;20613
São Paulo;199
São Paulo;6672
São Paulo;153
São Paulo;134
São Paulo;121
São Paulo;5387
São Paulo;266
São Paulo;258
São Paulo;2522
São Paulo;79222
São Paulo;78135
São Paulo;641
São Paulo;71
São Paulo;4617
São Paulo;1700
São Paulo;821875
São Paulo;4147
São Paulo;557
São Paulo;5627
São Paulo;7430
São Paulo;956
São Paulo;819
São Paulo;16595
São Paulo;324
São Paulo;107
São Paulo;129
São Paulo;1070
São Paulo;2370
São Paulo;4154
São Paulo;14746
São Paulo;1621
São Paulo;2028
São Paulo;405
São Paulo;3544
São Paulo;59577
São Paulo;828
São Paulo;21374
São Paulo;301
São Paulo;19340
São Paulo;1472
São Paulo;1627
São Paulo;16712
São Paulo;555
São Paulo;1710
São Paulo;309
São Paulo;786
São Paulo;2057
São Paulo;3664
São Paulo;549
São Paulo;1295
São Paulo;321
São Paulo;5188
São Paulo;2977
São Paulo;312
São Paulo;636
São Paulo;1496
São Paulo;5740
São Paulo;23293
São Paulo;129
São Paulo;2141
São Paulo;841
São Paulo;3192
São Paulo;116
São Paulo;100
São Paulo;1042
São Paulo;92
São Paulo;2287
São Paulo;611
São Paulo;169
São Paulo;5606
São Paulo;1373
São Paulo;169
São Paulo;158
São Paulo;878
São Paulo;6027
São Paulo;331
São Paulo;1197
São Paulo;171
São Paulo;1076
São Paulo;142
São Paulo;693
São Paulo;1701
São Paulo;11514
São Paulo;2385
São Paulo;172
São Paulo;2385
São Paulo;2166
São Paulo;6448
São Paulo;563
São Paulo;7749
São Paulo;1758
São Paulo;662
São Paulo;179
São Paulo;8760
São Paulo;12155
São Paulo;237
Tocantins;270
Tocantins;580
Tocantins;573
Tocantins;228
Tocantins;1071
Tocantins;1528
Tocantins;232
Tocantins;327
Tocantins;515
Tocantins;580
Tocantins;809
Tocantins;32380
Tocantins;527
Tocantins;2222
Tocantins;470
Tocantins;727
Tocantins;1442
Tocantins;184
Tocantins;1015
Tocantins;764
Tocantins;457
Tocantins;132
Tocantins;732
Tocantins;516
Tocantins;129
Tocantins;232
Tocantins;488
Tocantins;875
Tocantins;117
Tocantins;325
Tocantins;785
Tocantins;237
Tocantins;524
Tocantins;517
Tocantins;203
Tocantins;187
Tocantins;165
Tocantins;7289
Tocantins;772
Tocantins;638
Tocantins;125
Tocantins;420
Tocantins;484
Tocantins;114
Tocantins;599
Tocantins;1378
Tocantins;745
Tocantins;639
Tocantins;309
Tocantins;687
Tocantins;544
Tocantins;658
Tocantins;420
Tocantins;2653
Tocantins;290
Tocantins;963
Tocantins;2971
Tocantins;11186
Tocantins;121
Tocantins;842
Tocantins;490
Tocantins;368
Tocantins;406
Tocantins;235
Tocantins;90
Tocantins;1671
Tocantins;243
Tocantins;163
Tocantins;126
Tocantins;139
Tocantins;198
Tocantins;370
Tocantins;176
Tocantins;273
Tocantins;1835
Tocantins;2259
Tocantins;497
Tocantins;141
Tocantins;537
Tocantins;1127
Tocantins;486
Tocantins;1018
Tocantins;424
Tocantins;236
Tocantins;84
Tocantins;220
Tocantins;115
Tocantins;43842
Tocantins;482
Tocantins;567
Tocantins;1083
Tocantins;7421
Tocantins;395
Tocantins;351
Tocantins;1774
Tocantins;877
Tocantins;498
Tocantins;277
Tocantins;207
Tocantins;518
Tocantins;347
Tocantins;900
Tocantins;122
Tocantins;8702
Tocantins;279
Tocantins;314
Tocantins;253
Tocantins;266
Tocantins;329
Tocantins;133
Tocantins;423
Tocantins;272
Tocantins;541
Tocantins;296
Tocantins;735
Tocantins;329
Tocantins;293
Tocantins;304
Tocantins;232
Tocantins;156
Tocantins;795
Tocantins;140
Tocantins;600
Tocantins;162
Tocantins;541
Tocantins;409
Tocantins;901
Tocantins;631
Tocantins;193
Tocantins;476
Tocantins;1119
Tocantins;157
Tocantins;245
Tocantins;738
Tocantins;2022
Tocantins;152
Tocantins;129
Tocantins;856
Tocantins;2182
